distance,player
6.108843537414966,AlphaGo
5.8166089965397925,AlphaGo
6.074829931972789,AlphaGo
5.251968503937008,AlphaGo
5.9296636085626915,AlphaGo
6.1115702479338845,AlphaGo
6.51418439716312,AlphaGo
4.967479674796748,AlphaGo
5.65625,AlphaGo
5.4391891891891895,AlphaGo
6.1271477663230245,AlphaGo
5.214285714285714,AlphaGo
6.64873417721519,AlphaGo
5.751243781094527,AlphaGo
6.1661016949152545,AlphaGo
6.3633217993079585,AlphaGo
5.616724738675958,AlphaGo
6.452471482889734,AlphaGo
5.517073170731707,AlphaGo
7.7760252365930596,AlphaGo
5.655172413793103,AlphaGo
7.531847133757962,AlphaGo
7.277439024390244,AlphaGo
6.181818181818182,AlphaGo
6.7622641509433965,AlphaGo
5.920560747663552,AlphaGo
6.219607843137255,AlphaGo
7.826086956521739,AlphaGo
4.486486486486487,AlphaGo
6.342105263157895,AlphaGo
7.884244372990354,AlphaGo
6.330855018587361,AlphaGo
6.012765957446809,AlphaGo
6.2784313725490195,AlphaGo
6.448275862068965,AlphaGo
8.359882005899705,AlphaGo
7.262745098039216,AlphaGo
5.883977900552487,AlphaGo
6.039087947882736,AlphaGo
7.342281879194631,AlphaGo
6.4089068825910935,AlphaGo
5.807228915662651,AlphaGo
7.553956834532374,AlphaGo
7.02112676056338,AlphaGo
5.418994413407821,AlphaGo
5.726457399103139,AlphaGo
7.107344632768362,AlphaGo
12.70059880239521,AlphaGo
6.336448598130841,AlphaGo
5.819230769230769,AlphaGo
4.555555555555555,AlphaGo
5.758241758241758,AlphaGo
5.014925373134329,AlphaGo
7.62962962962963,AlphaGo
6.003773584905661,AlphaGo
6.435424354243542,AlphaGo
4.907317073170732,AlphaGo
5.05511811023622,AlphaGo
6.268085106382979,AlphaGo
6.829581993569132,AlphaGo
6.046025104602511,AlphaGo
5.850980392156862,AlphaGo
6.934640522875817,AlphaGo
12.5,AlphaGo
6.757575757575758,AlphaGo
6.091304347826087,AlphaGo
4.695652173913044,Human
4.472222222222222,Human
4.695488721804511,Human
4.82089552238806,Human
4.304761904761905,Human
3.6025641025641026,Human
3.8741721854304636,Human
4.831775700934579,Human
5.53125,Human
5.165,Human
5.5,Human
3.1354166666666665,Human
4.241379310344827,Human
5.444444444444445,Human
5.795454545454546,Human
4.204545454545454,Human
5.413793103448276,Human
4.659898477157361,Human
3.4790419161676644,Human
5.511627906976744,Human
4.170731707317073,Human
3.8655913978494625,Human
4.2384615384615385,Human
4.2615384615384615,Human
5.614525139664805,Human
3.388888888888889,Human
5.675324675324675,Human
5.16,Human
5.045081967213115,Human
5.119402985074627,Human
5.93730407523511,Human
3.504950495049505,Human
5.264331210191083,Human
4.630841121495327,Human
4.125603864734299,Human
5.390243902439025,Human
4.2272727272727275,Human
4.3478260869565215,Human
5.009090909090909,Human
3.22972972972973,Human
4.356223175965665,Human
4.436734693877551,Human
4.759615384615385,Human
5.709183673469388,Human
3.7573529411764706,Human
4.521739130434782,Human
4.542857142857143,Human
5.882352941176471,Human
5.187739463601533,Human
5.153094462540716,Human
5.764331210191083,Human
4.603053435114504,Human
3.9813084112149535,Human
4.680412371134021,Human
3.6826923076923075,Human
5.111627906976744,Human
3.537974683544304,Human
5.3304347826086955,Human
4.457142857142857,Human
4.082706766917293,Human
4.503401360544218,Human
4.259938837920489,Human
4.157894736842105,Human
9.333333333333334,Human
4.264150943396227,Human
5.085808580858086,Human
3.8793103448275863,Human
4.135338345864661,Human
4.254310344827586,Human
5.1879194630872485,Human
4.379032258064516,Human
3.741007194244604,Human
4.512820512820513,Human
5.029520295202952,Human
6.157534246575342,Human
8.375,Human
6.593525179856115,Human
5.0,Human
5.225806451612903,Human
5.158730158730159,Human
4.208,Human
3.8620689655172415,Human
4.321608040201005,Human
4.836363636363636,Human
4.505415162454874,Human
4.317757009345795,Human
5.5,Human
4.15625,Human
4.53416149068323,Human
4.322834645669292,Human
6.03056768558952,Human
5.045454545454546,Human
3.990566037735849,Human
5.065420560747664,Human
4.391304347826087,Human
4.672064777327935,Human
4.905027932960894,Human
4.43984962406015,Human
3.896103896103896,Human
4.888030888030888,Human
3.02,Human
5.094637223974764,Human
3.715025906735751,Human
4.765432098765432,Human
5.601532567049809,Human
4.716049382716049,Human
5.888888888888889,Human
4.650793650793651,Human
4.685714285714286,Human
5.050691244239632,Human
5.476340694006309,Human
4.043010752688172,Human
4.378787878787879,Human
5.065693430656935,Human
5.888475836431227,Human
4.1847133757961785,Human
4.599236641221374,Human
4.928082191780822,Human
4.6380952380952385,Human
3.827338129496403,Human
4.454545454545454,Human
4.618181818181818,Human
5.043321299638989,Human
4.413223140495868,Human
4.550724637681159,Human
4.644970414201183,Human
3.957055214723926,Human
4.531645569620253,Human
5.487179487179487,Human
4.834170854271357,Human
4.318681318681318,Human
3.6449704142011834,Human
4.734265734265734,Human
4.285714285714286,Human
4.252688172043011,Human
4.9772727272727275,Human
3.6296296296296298,Human
4.381443298969073,Human
4.567669172932331,Human
5.070422535211268,Human
5.878873239436619,Human
3.832116788321168,Human
4.930894308943089,Human
4.345588235294118,Human
5.0041322314049586,Human
4.493006993006993,Human
4.617924528301887,Human
3.8053691275167787,Human
5.693602693602694,Human
5.2,Human
3.8835616438356166,Human
4.636363636363637,Human
2.0,Human
4.814207650273224,Human
3.0416666666666665,Human
4.326241134751773,Human
4.013513513513513,Human
4.9941176470588236,Human
3.375,Human
4.275,Human
5.134897360703812,Human
8.68995633187773,Human
3.712962962962963,Human
5.604651162790698,Human
4.452471482889734,Human
7.136363636363637,Human
4.159663865546219,Human
5.894927536231884,Human
4.2460732984293195,Human
3.9006622516556293,Human
3.86231884057971,Human
4.801369863013699,Human
5.067961165048544,Human
4.58125,Human
6.30188679245283,Human
4.445945945945946,Human
4.10752688172043,Human
5.787096774193548,Human
4.36144578313253,Human
4.314285714285714,Human
5.370786516853933,Human
5.453074433656958,Human
4.1237785016286646,Human
4.238578680203045,Human
4.813953488372093,Human
3.6705882352941175,Human
3.66,Human
4.8731884057971016,Human
4.117647058823529,Human
4.419047619047619,Human
6.038461538461538,Human
4.818518518518519,Human
5.27,Human
4.528846153846154,Human
4.137096774193548,Human
3.5943396226415096,Human
4.293193717277487,Human
5.430894308943089,Human
4.370786516853933,Human
4.69377990430622,Human
4.453125,Human
5.13448275862069,Human
4.628571428571429,Human
3.9574468085106385,Human
5.4784172661870505,Human
4.457142857142857,Human
6.491749174917492,Human
5.842622950819672,Human
6.41501976284585,Human
6.292857142857143,Human
4.22007722007722,Human
4.539130434782609,Human
4.186991869918699,Human
4.654970760233918,Human
4.710743801652892,Human
6.2981132075471695,Human
3.563380281690141,Human
4.346666666666667,Human
3.897727272727273,Human
3.5865384615384617,Human
4.993288590604027,Human
4.832535885167464,Human
3.893617021276596,Human
4.972413793103448,Human
5.1160409556314,Human
4.15527950310559,Human
4.536082474226804,Human
4.364754098360656,Human
4.54,Human
7.0,Human
5.212121212121212,Human
4.040404040404041,Human
4.141304347826087,Human
4.461165048543689,Human
4.474308300395257,Human
3.2231404958677685,Human
4.401315789473684,Human
3.63,Human
3.7037037037037037,Human
4.432258064516129,Human
5.433035714285714,Human
3.1971830985915495,Human
4.094827586206897,Human
5.006134969325154,Human
4.819548872180451,Human
3.992857142857143,Human
4.3143939393939394,Human
4.348148148148148,Human
5.363247863247863,Human
3.7403846153846154,Human
4.719424460431655,Human
4.503937007874016,Human
4.285714285714286,Human
3.8129496402877696,Human
3.9086294416243654,Human
3.864864864864865,Human
5.447368421052632,Human
3.864864864864865,Human
3.5846153846153848,Human
4.761006289308176,Human
4.576923076923077,Human
4.4858757062146895,Human
8.0,Human
3.6405228758169934,Human
4.282926829268293,Human
4.8268398268398265,Human
4.12396694214876,Human
4.3238095238095235,Human
4.815165876777251,Human
3.611111111111111,Human
4.679611650485437,Human
4.289017341040463,Human
4.489795918367347,Human
4.635514018691588,Human
5.79047619047619,Human
3.9419354838709677,Human
5.275204359673024,Human
4.11578947368421,Human
4.1891891891891895,Human
4.35632183908046,Human
5.072072072072072,Human
4.177685950413223,Human
9.083333333333334,Human
4.821989528795812,Human
5.781512605042017,Human
5.951612903225806,Human
7.823529411764706,Human
5.303333333333334,Human
3.1944444444444446,Human
5.633928571428571,Human
4.3120567375886525,Human
4.151515151515151,Human
4.483695652173913,Human
4.293103448275862,Human
4.780487804878049,Human
5.315270935960591,Human
5.057142857142857,Human
4.364406779661017,Human
4.247863247863248,Human
4.192771084337349,Human
4.333333333333333,Human
4.4875,Human
3.7688442211055277,Human
4.305882352941176,Human
4.402061855670103,Human
5.6882591093117405,Human
4.694214876033058,Human
5.159183673469387,Human
4.822916666666667,Human
4.518324607329843,Human
4.4375,Human
4.6325088339222615,Human
4.823529411764706,Human
5.138613861386139,Human
4.840336134453781,Human
4.592039800995025,Human
4.744047619047619,Human
3.8503937007874014,Human
4.797427652733119,Human
4.408450704225352,Human
4.4120603015075375,Human
4.557522123893805,Human
3.96319018404908,Human
4.719387755102041,Human
3.4971751412429377,Human
4.8008474576271185,Human
4.262773722627737,Human
4.707903780068729,Human
4.54421768707483,Human
5.6570605187319885,Human
4.196581196581197,Human
5.187022900763359,Human
4.52991452991453,Human
4.254385964912281,Human
4.65546218487395,Human
4.817241379310345,Human
3.3976608187134505,Human
3.550724637681159,Human
3.0773809523809526,Human
3.3908045977011496,Human
3.9794871794871796,Human
4.055045871559633,Human
4.303030303030303,Human
3.4539473684210527,Human
5.224299065420561,Human
3.912621359223301,Human
4.261146496815287,Human
4.563451776649746,Human
3.0764705882352943,Human
4.15,Human
3.951923076923077,Human
4.174496644295302,Human
3.7191011235955056,Human
5.4338235294117645,Human
5.461538461538462,Human
4.348717948717948,Human
5.520661157024794,Human
3.8493150684931505,Human
5.9314285714285715,Human
4.1534391534391535,Human
3.9204545454545454,Human
5.662420382165605,Human
5.161904761904762,Human
4.7265625,Human
4.608108108108108,Human
3.759493670886076,Human
4.556451612903226,Human
4.506666666666667,Human
4.566037735849057,Human
3.9765625,Human
3.787709497206704,Human
7.669064748201439,Human
4.2555555555555555,Human
5.487012987012987,Human
5.121212121212121,Human
4.127272727272727,Human
6.125,Human
5.269607843137255,Human
3.2982456140350878,Human
4.3283582089552235,Human
5.278225806451613,Human
4.3893129770992365,Human
4.302631578947368,Human
5.125954198473282,Human
3.8114754098360657,Human
4.125541125541125,Human
4.121951219512195,Human
4.556521739130435,Human
4.5777777777777775,Human
5.794520547945205,Human
4.330578512396694,Human
4.473684210526316,Human
4.666666666666667,Human
4.025252525252525,Human
4.9361702127659575,Human
4.647773279352227,Human
4.312977099236641,Human
3.391509433962264,Human
4.088397790055248,Human
4.0,Human
3.8524590163934427,Human
3.0714285714285716,Human
4.711864406779661,Human
4.52808988764045,Human
5.00398406374502,Human
5.359649122807017,Human
5.964285714285714,Human
4.595959595959596,Human
6.142857142857143,Human
4.261904761904762,Human
4.809523809523809,Human
4.0476190476190474,Human
4.027472527472527,Human
4.7889908256880735,Human
4.072164948453608,Human
4.428571428571429,Human
4.680327868852459,Human
6.2119402985074625,Human
4.12781954887218,Human
3.446969696969697,Human
4.842271293375394,Human
4.28923076923077,Human
6.197411003236246,Human
4.115384615384615,Human
3.7724867724867726,Human
5.189944134078212,Human
3.5217391304347827,Human
4.276190476190476,Human
4.5588235294117645,Human
4.8881578947368425,Human
3.4123222748815167,Human
4.813084112149533,Human
4.529411764705882,Human
4.65546218487395,Human
4.869955156950673,Human
4.594736842105263,Human
5.841216216216216,Human
4.987692307692308,Human
5.670940170940171,Human
4.358974358974359,Human
4.83125,Human
3.954248366013072,Human
4.79047619047619,Human
3.621212121212121,Human
4.481481481481482,Human
3.888888888888889,Human
4.0095238095238095,Human
4.137096774193548,Human
4.162921348314606,Human
4.881578947368421,Human
4.921052631578948,Human
4.509345794392523,Human
5.372340425531915,Human
4.441558441558442,Human
5.924657534246576,Human
5.008264462809917,Human
4.6380952380952385,Human
4.064705882352941,Human
6.62882096069869,Human
4.093922651933702,Human
4.879194630872483,Human
5.672,Human
3.6025641025641026,Human
4.014778325123153,Human
4.40952380952381,Human
4.551282051282051,Human
4.051282051282051,Human
5.285714285714286,Human
6.325,Human
6.235294117647059,Human
4.640151515151516,Human
3.4594594594594597,Human
4.619672131147541,Human
4.492957746478873,Human
5.326923076923077,Human
4.436823104693141,Human
4.82089552238806,Human
4.737704918032787,Human
4.746031746031746,Human
6.057017543859649,Human
4.326848249027237,Human
5.034090909090909,Human
4.6521739130434785,Human
4.647509578544061,Human
5.223484848484849,Human
4.071428571428571,Human
3.7586206896551726,Human
3.864485981308411,Human
3.3046875,Human
9.636363636363637,Human
3.7714285714285714,Human
3.6954022988505746,Human
4.315789473684211,Human
5.803125,Human
3.5833333333333335,Human
5.248868778280543,Human
5.9714285714285715,Human
5.025974025974026,Human
4.328859060402684,Human
6.413793103448276,Human
3.979020979020979,Human
3.8956043956043955,Human
3.6470588235294117,Human
4.061946902654867,Human
4.509803921568627,Human
4.229007633587786,Human
3.791208791208791,Human
4.746666666666667,Human
4.190476190476191,Human
3.981981981981982,Human
4.101503759398496,Human
4.823529411764706,Human
4.333333333333333,Human
4.251336898395722,Human
3.876190476190476,Human
3.8202764976958523,Human
4.783333333333333,Human
5.290780141843972,Human
5.122448979591836,Human
4.369230769230769,Human
4.2809917355371905,Human
3.9385245901639343,Human
4.2967032967032965,Human
4.313953488372093,Human
4.76,Human
4.0578512396694215,Human
4.9904761904761905,Human
4.200980392156863,Human
4.703883495145631,Human
5.287671232876712,Human
5.407534246575342,Human
3.8365384615384617,Human
5.5777777777777775,Human
4.018691588785047,Human
5.552083333333333,Human
4.01123595505618,Human
4.477178423236515,Human
3.5569620253164556,Human
5.588541666666667,Human
5.247619047619048,Human
4.638655462184874,Human
4.21875,Human
4.525490196078431,Human
5.758823529411765,Human
4.1265822784810124,Human
6.219653179190751,Human
4.6,Human
4.246478873239437,Human
5.3004291845493565,Human
3.6808510638297873,Human
4.547008547008547,Human
5.04029304029304,Human
4.617224880382775,Human
3.4210526315789473,Human
4.387387387387387,Human
3.984848484848485,Human
3.308641975308642,Human
4.592233009708738,Human
4.174074074074074,Human
4.888178913738019,Human
4.24468085106383,Human
3.8295454545454546,Human
4.726235741444867,Human
4.420731707317073,Human
4.833333333333333,Human
5.04375,Human
4.545454545454546,Human
4.545454545454546,Human
4.567796610169491,Human
5.492647058823529,Human
4.051851851851852,Human
5.6797385620915035,Human
5.706896551724138,Human
3.953488372093023,Human
4.40133779264214,Human
4.569377990430622,Human
4.120689655172414,Human
4.457364341085271,Human
4.353932584269663,Human
3.6449275362318843,Human
3.8650306748466257,Human
4.810344827586207,Human
4.153846153846154,Human
4.747967479674797,Human
4.731543624161074,Human
5.381147540983607,Human
4.2102272727272725,Human
3.727272727272727,Human
4.232456140350878,Human
4.710843373493976,Human
5.2250922509225095,Human
5.329710144927536,Human
4.398809523809524,Human
4.9375,Human
4.036585365853658,Human
4.2592592592592595,Human
4.546610169491525,Human
3.8130841121495327,Human
4.695473251028806,Human
3.4565217391304346,Human
4.771428571428571,Human
5.14622641509434,Human
4.410596026490066,Human
5.007604562737643,Human
3.8535031847133756,Human
4.3428571428571425,Human
4.971929824561403,Human
4.85632183908046,Human
4.323699421965318,Human
5.368715083798882,Human
4.850340136054422,Human
3.7570093457943927,Human
4.425742574257426,Human
4.125925925925926,Human
4.038610038610039,Human
3.2747252747252746,Human
4.076190476190476,Human
4.602649006622516,Human
5.258474576271187,Human
4.854368932038835,Human
5.010238907849829,Human
4.733333333333333,Human
3.710144927536232,Human
5.327205882352941,Human
5.113207547169812,Human
4.019230769230769,Human
4.446236559139785,Human
5.304347826086956,Human
3.7163120567375887,Human
4.565217391304348,Human
4.283333333333333,Human
6.4,Human
4.495145631067961,Human
3.433734939759036,Human
5.125,Human
5.625531914893617,Human
4.0,Human
6.2594936708860756,Human
4.704761904761905,Human
5.014545454545455,Human
4.548076923076923,Human
3.8,Human
3.8434343434343434,Human
4.715151515151515,Human
3.5364583333333335,Human
3.7159763313609466,Human
5.489130434782608,Human
4.723735408560311,Human
3.6444444444444444,Human
4.739130434782608,Human
4.330097087378641,Human
4.1471698113207545,Human
4.730061349693251,Human
4.3108108108108105,Human
4.2075471698113205,Human
4.97,Human
3.439153439153439,Human
4.190751445086705,Human
4.611510791366906,Human
4.686746987951807,Human
4.354166666666667,Human
5.138755980861244,Human
3.3873873873873874,Human
5.073170731707317,Human
4.835978835978836,Human
4.4868421052631575,Human
4.536184210526316,Human
4.869230769230769,Human
5.8138297872340425,Human
4.354285714285714,Human
4.721739130434782,Human
4.006734006734007,Human
3.9615384615384617,Human
3.7555555555555555,Human
5.173076923076923,Human
5.071090047393365,Human
3.9691358024691357,Human
4.473684210526316,Human
4.342592592592593,Human
5.201365187713311,Human
3.9655172413793105,Human
4.208588957055214,Human
4.687732342007435,Human
3.6267605633802815,Human
4.752380952380952,Human
4.760765550239235,Human
5.634146341463414,Human
3.6857142857142855,Human
3.2788461538461537,Human
4.3173076923076925,Human
4.867768595041323,Human
5.090163934426229,Human
4.083333333333333,Human
3.644230769230769,Human
3.946564885496183,Human
4.287081339712919,Human
4.880681818181818,Human
3.5217391304347827,Human
3.203045685279188,Human
5.285185185185185,Human
3.9776785714285716,Human
5.347058823529411,Human
4.264957264957265,Human
4.023668639053255,Human
4.128865979381444,Human
4.868131868131868,Human
4.618181818181818,Human
3.6865671641791047,Human
5.2,Human
4.978260869565218,Human
5.133663366336633,Human
5.530927835051546,Human
3.104651162790698,Human
3.3508771929824563,Human
3.9448818897637796,Human
3.7767857142857144,Human
4.653333333333333,Human
5.114285714285714,Human
4.916030534351145,Human
5.228571428571429,Human
4.036697247706422,Human
4.725714285714286,Human
4.684210526315789,Human
5.818181818181818,Human
4.25,Human
4.335106382978723,Human
4.473214285714286,Human
4.071428571428571,Human
4.457831325301205,Human
4.018867924528302,Human
4.440559440559441,Human
4.348101265822785,Human
4.659722222222222,Human
3.6178343949044587,Human
3.621212121212121,Human
5.488721804511278,Human
3.954954954954955,Human
4.290566037735849,Human
4.734545454545454,Human
3.4263565891472867,Human
3.6666666666666665,Human
4.686619718309859,Human
3.8947368421052633,Human
5.529411764705882,Human
5.176,Human
4.906666666666666,Human
4.54424778761062,Human
5.0,Human
4.938775510204081,Human
3.4597701149425286,Human
4.075187969924812,Human
4.585987261146497,Human
3.778688524590164,Human
4.921686746987952,Human
4.119718309859155,Human
3.8666666666666667,Human
4.704761904761905,Human
4.0251572327044025,Human
4.110294117647059,Human
4.427083333333333,Human
4.6419753086419755,Human
4.0701754385964914,Human
4.669683257918552,Human
5.228070175438597,Human
4.374233128834356,Human
3.9846153846153847,Human
3.673611111111111,Human
5.867924528301887,Human
4.856,Human
4.131487889273356,Human
7.225882352941176,Human
4.729083665338646,Human
3.207547169811321,Human
5.3039647577092515,Human
5.5512195121951216,Human
4.023952095808383,Human
3.857142857142857,Human
4.155,Human
3.720720720720721,Human
4.12621359223301,Human
4.323529411764706,Human
4.116822429906542,Human
4.2349726775956285,Human
5.780952380952381,Human
3.977777777777778,Human
4.341772151898734,Human
4.471698113207547,Human
4.676470588235294,Human
5.008,Human
4.8977272727272725,Human
4.070866141732283,Human
4.614678899082569,Human
5.151639344262295,Human
3.9171270718232045,Human
4.15,Human
3.9159663865546217,Human
5.253378378378378,Human
4.27906976744186,Human
4.641791044776119,Human
4.49,Human
3.6411764705882352,Human
5.174863387978142,Human
4.934010152284264,Human
3.5828571428571427,Human
4.695876288659794,Human
6.0701754385964914,Human
4.7835820895522385,Human
5.677811550151976,Human
5.2823529411764705,Human
4.6454545454545455,Human
4.281786941580756,Human
3.6627906976744184,Human
5.708588957055214,Human
4.373831775700935,Human
4.360544217687075,Human
4.819148936170213,Human
4.261363636363637,Human
5.416666666666667,Human
4.483870967741935,Human
4.7727272727272725,Human
4.256,Human
4.652920962199313,Human
3.9069767441860463,Human
3.8828125,Human
5.394366197183099,Human
4.971223021582734,Human
4.096256684491979,Human
4.844311377245509,Human
4.205882352941177,Human
3.6237113402061856,Human
4.711538461538462,Human
5.9502762430939224,Human
3.6842105263157894,Human
5.97583081570997,Human
4.646853146853147,Human
4.542857142857143,Human
3.625,Human
4.116822429906542,Human
4.149253731343284,Human
4.5813953488372094,Human
4.941747572815534,Human
4.258771929824562,Human
3.84180790960452,Human
4.751724137931035,Human
4.776536312849162,Human
5.313559322033898,Human
4.036585365853658,Human
5.549815498154982,Human
4.467248908296943,Human
4.043269230769231,Human
4.542857142857143,Human
4.8,Human
3.408759124087591,Human
5.1214574898785425,Human
4.245283018867925,Human
5.231481481481482,Human
4.358108108108108,Human
4.023121387283237,Human
3.703125,Human
7.0,Human
4.6571428571428575,Human
4.408450704225352,Human
5.598455598455598,Human
4.046511627906977,Human
3.7083333333333335,Human
4.263888888888889,Human
4.1015625,Human
4.0978260869565215,Human
4.632352941176471,Human
3.4714285714285715,Human
3.8310502283105023,Human
5.104166666666667,Human
6.507692307692308,Human
5.16796875,Human
5.3238095238095235,Human
4.817757009345795,Human
3.723404255319149,Human
4.243243243243243,Human
4.843373493975903,Human
3.710526315789474,Human
4.324675324675325,Human
3.4206349206349205,Human
3.5853658536585367,Human
5.484615384615385,Human
4.966292134831461,Human
5.153846153846154,Human
3.4526315789473685,Human
4.11340206185567,Human
4.253968253968254,Human
4.29559748427673,Human
4.069767441860465,Human
4.649717514124294,Human
4.4638783269961975,Human
4.20952380952381,Human
3.933333333333333,Human
5.00418410041841,Human
4.873563218390805,Human
5.204918032786885,Human
4.366412213740458,Human
4.244565217391305,Human
4.1013824884792625,Human
4.453900709219858,Human
3.5274725274725274,Human
3.7,Human
5.193548387096774,Human
5.47906976744186,Human
4.211111111111111,Human
5.049382716049383,Human
5.054054054054054,Human
5.745283018867925,Human
4.45679012345679,Human
4.816666666666666,Human
5.3896103896103895,Human
3.872340425531915,Human
4.739837398373984,Human
3.923611111111111,Human
5.36144578313253,Human
4.0,Human
3.6055045871559632,Human
3.917197452229299,Human
3.8089171974522293,Human
4.777777777777778,Human
3.9570815450643777,Human
3.712121212121212,Human
6.742990654205608,Human
3.443396226415094,Human
4.189473684210526,Human
5.480916030534351,Human
4.522088353413655,Human
3.986111111111111,Human
4.671052631578948,Human
4.107142857142857,Human
3.798076923076923,Human
3.8461538461538463,Human
4.6020408163265305,Human
4.181818181818182,Human
5.256880733944954,Human
4.894117647058824,Human
6.303030303030303,Human
3.696078431372549,Human
4.977578475336323,Human
4.827160493827161,Human
5.171875,Human
4.72972972972973,Human
5.666666666666667,Human
3.4537037037037037,Human
3.769607843137255,Human
6.017361111111111,Human
4.666666666666667,Human
5.674846625766871,Human
3.8076923076923075,Human
3.9923076923076923,Human
5.203007518796992,Human
3.8092105263157894,Human
4.507462686567164,Human
3.912280701754386,Human
3.9707602339181287,Human
4.9961832061068705,Human
3.6666666666666665,Human
5.818181818181818,Human
4.782258064516129,Human
3.8181818181818183,Human
4.563291139240507,Human
4.733333333333333,Human
3.769230769230769,Human
4.333333333333333,Human
4.660377358490566,Human
3.6774193548387095,Human
5.632142857142857,Human
3.5301204819277108,Human
3.5865384615384617,Human
4.784905660377358,Human
5.2063492063492065,Human
3.814159292035398,Human
4.448132780082988,Human
4.502994011976048,Human
5.1980519480519485,Human
4.1342592592592595,Human
3.532110091743119,Human
4.556291390728477,Human
3.9453125,Human
4.933333333333334,Human
5.301158301158301,Human
5.686746987951807,Human
3.525,Human
4.767123287671233,Human
3.9934210526315788,Human
4.35,Human
4.700934579439252,Human
4.868571428571428,Human
3.90990990990991,Human
5.131782945736434,Human
5.286290322580645,Human
4.429347826086956,Human
4.161157024793388,Human
5.017857142857143,Human
4.621160409556314,Human
4.991869918699187,Human
5.325892857142857,Human
4.676724137931035,Human
4.037267080745342,Human
5.7643979057591626,Human
3.5943396226415096,Human
4.184313725490196,Human
5.726415094339623,Human
3.391304347826087,Human
3.75,Human
5.2845188284518825,Human
3.9491525423728815,Human
3.857142857142857,Human
4.9965753424657535,Human
4.527586206896552,Human
4.8884297520661155,Human
5.1106870229007635,Human
6.153846153846154,Human
4.375886524822695,Human
5.317460317460317,Human
4.555555555555555,Human
5.158450704225352,Human
4.961904761904762,Human
4.262711864406779,Human
4.056737588652482,Human
3.6929133858267718,Human
5.802752293577981,Human
3.78494623655914,Human
6.259375,Human
6.37037037037037,Human
5.814035087719298,Human
3.9012345679012346,Human
3.8095238095238093,Human
4.6869565217391305,Human
3.9641025641025642,Human
4.477611940298507,Human
5.261410788381743,Human
4.895196506550218,Human
2.9191176470588234,Human
4.638783269961977,Human
6.241935483870968,Human
4.0186335403726705,Human
3.6493506493506493,Human
4.810035842293907,Human
3.8646616541353382,Human
4.182389937106918,Human
4.171428571428572,Human
5.549618320610687,Human
5.0125,Human
5.016129032258065,Human
3.66,Human
4.704761904761905,Human
5.083333333333333,Human
4.781879194630872,Human
4.314685314685315,Human
6.223577235772358,Human
3.8512820512820514,Human
5.06,Human
3.8768115942028984,Human
4.711229946524064,Human
5.429090909090909,Human
5.495238095238095,Human
5.4496402877697845,Human
4.747787610619469,Human
4.120689655172414,Human
4.678733031674208,Human
4.730769230769231,Human
3.642857142857143,Human
4.721476510067114,Human
5.0,Human
4.975206611570248,Human
3.7831858407079646,Human
4.753303964757709,Human
4.716049382716049,Human
5.75,Human
3.7710843373493974,Human
5.420849420849421,Human
4.170212765957447,Human
4.471337579617835,Human
5.036697247706422,Human
4.555555555555555,Human
3.9371428571428573,Human
4.004237288135593,Human
3.987012987012987,Human
4.066666666666666,Human
5.365079365079365,Human
5.003690036900369,Human
4.079365079365079,Human
4.622137404580153,Human
4.3896103896103895,Human
4.303571428571429,Human
4.752688172043011,Human
4.5096525096525095,Human
4.740384615384615,Human
5.005586592178771,Human
4.488888888888889,Human
5.739463601532567,Human
5.13063063063063,Human
3.5357142857142856,Human
4.857142857142857,Human
4.691056910569106,Human
3.8209876543209877,Human
5.0,Human
4.448717948717949,Human
5.868421052631579,Human
4.089108910891089,Human
3.5526315789473686,Human
4.178571428571429,Human
4.384615384615385,Human
5.564220183486238,Human
4.297169811320755,Human
4.325925925925926,Human
5.62962962962963,Human
4.632,Human
4.75,Human
4.2824858757062145,Human
5.678899082568807,Human
4.36,Human
3.9711538461538463,Human
3.675925925925926,Human
4.228070175438597,Human
4.752380952380952,Human
3.8988095238095237,Human
4.06993006993007,Human
4.745173745173745,Human
5.107913669064748,Human
5.379032258064516,Human
5.039130434782609,Human
3.4825174825174825,Human
4.487804878048781,Human
4.611428571428571,Human
4.866666666666666,Human
5.31294964028777,Human
4.547008547008547,Human
5.013888888888889,Human
4.642857142857143,Human
4.044843049327354,Human
5.571428571428571,Human
4.327272727272727,Human
4.646739130434782,Human
4.438095238095238,Human
3.789808917197452,Human
6.531353135313531,Human
4.324561403508772,Human
4.209876543209877,Human
4.307017543859649,Human
4.405172413793103,Human
3.6887417218543046,Human
4.115853658536586,Human
3.5962732919254656,Human
5.90443686006826,Human
3.825174825174825,Human
6.078740157480315,Human
5.265486725663717,Human
5.3218884120171674,Human
5.42948717948718,Human
4.284848484848485,Human
3.524390243902439,Human
4.936555891238671,Human
5.487012987012987,Human
4.299559471365638,Human
5.0974576271186445,Human
4.2303030303030305,Human
5.488888888888889,Human
6.1234567901234565,Human
4.6125,Human
4.0,Human
3.8241758241758244,Human
3.7244094488188977,Human
4.12037037037037,Human
5.1415929203539825,Human
6.166666666666667,Human
4.082278481012659,Human
4.698360655737705,Human
3.8917197452229297,Human
3.669811320754717,Human
5.3373860182370825,Human
4.308411214953271,Human
3.825,Human
5.246153846153846,Human
4.0,Human
4.793388429752066,Human
5.666666666666667,Human
5.167213114754098,Human
4.862944162436548,Human
5.434146341463415,Human
4.138613861386139,Human
4.538461538461538,Human
4.476190476190476,Human
5.048648648648649,Human
4.985294117647059,Human
5.364754098360656,Human
4.7407407407407405,Human
3.9322916666666665,Human
4.3577981651376145,Human
4.464516129032258,Human
5.020833333333333,Human
4.620253164556962,Human
5.345679012345679,Human
4.4298245614035086,Human
4.360294117647059,Human
4.5,Human
4.1138211382113825,Human
4.010526315789473,Human
4.513513513513513,Human
4.9523809523809526,Human
3.6588235294117646,Human
5.185483870967742,Human
5.727642276422764,Human
5.834782608695652,Human
4.2926829268292686,Human
4.0,Human
5.277397260273973,Human
5.368421052631579,Human
4.115384615384615,Human
3.6219512195121952,Human
3.898550724637681,Human
4.661016949152542,Human
4.892857142857143,Human
3.68,Human
5.837423312883436,Human
5.293478260869565,Human
4.457142857142857,Human
5.18595041322314,Human
5.152777777777778,Human
5.296992481203008,Human
4.579787234042553,Human
4.52,Human
4.12,Human
5.6045454545454545,Human
5.91156462585034,Human
4.668341708542713,Human
5.3164556962025316,Human
5.106481481481482,Human
4.054474708171206,Human
4.866666666666666,Human
5.079545454545454,Human
3.8343949044585988,Human
4.910256410256411,Human
4.093457943925234,Human
4.8517241379310345,Human
4.51875,Human
7.021739130434782,Human
3.3526315789473684,Human
3.98125,Human
3.6184210526315788,Human
6.113636363636363,Human
4.182481751824818,Human
3.8477157360406093,Human
3.9367088607594938,Human
4.351351351351352,Human
4.866666666666666,Human
4.669724770642202,Human
5.203252032520325,Human
4.112903225806452,Human
4.661971830985915,Human
5.9644128113879,Human
4.2956521739130435,Human
3.4711538461538463,Human
3.3202247191011236,Human
3.5641025641025643,Human
4.933333333333334,Human
4.228070175438597,Human
4.5,Human
3.573170731707317,Human
4.7592592592592595,Human
4.939086294416244,Human
4.8173076923076925,Human
3.925925925925926,Human
3.925925925925926,Human
5.747081712062257,Human
4.818840579710145,Human
4.096385542168675,Human
4.57396449704142,Human
4.637362637362638,Human
4.440251572327044,Human
4.3232323232323235,Human
3.910891089108911,Human
4.852459016393443,Human
4.666666666666667,Human
5.25,Human
3.6744186046511627,Human
5.0034364261168385,Human
4.3931623931623935,Human
4.705223880597015,Human
5.248756218905473,Human
5.382352941176471,Human
4.34983498349835,Human
4.364583333333333,Human
5.174311926605505,Human
3.0294117647058822,Human
3.651851851851852,Human
3.7606382978723403,Human
5.385496183206107,Human
4.51685393258427,Human
4.7272727272727275,Human
4.675925925925926,Human
4.075675675675676,Human
5.962962962962963,Human
3.961904761904762,Human
3.8421052631578947,Human
3.4682539682539684,Human
5.292207792207792,Human
4.030927835051546,Human
3.8835616438356166,Human
4.4852459016393444,Human
4.2298850574712645,Human
3.346368715083799,Human
5.583333333333333,Human
4.318385650224215,Human
4.4879518072289155,Human
4.616487455197133,Human
4.262008733624454,Human
4.537313432835821,Human
4.292035398230088,Human
4.8076923076923075,Human
6.333333333333333,Human
3.977777777777778,Human
5.017142857142857,Human
4.929203539823009,Human
5.012448132780083,Human
4.720394736842105,Human
4.342281879194631,Human
4.044943820224719,Human
4.897777777777778,Human
5.178723404255319,Human
4.7407407407407405,Human
3.4293478260869565,Human
4.979522184300341,Human
4.543130990415335,Human
4.08984375,Human
4.024630541871921,Human
4.905982905982906,Human
5.202898550724638,Human
4.116071428571429,Human
5.341085271317829,Human
3.3,Human
5.136363636363637,Human
5.057142857142857,Human
3.94392523364486,Human
4.03030303030303,Human
4.828897338403042,Human
4.0675675675675675,Human
4.141732283464567,Human
4.247967479674797,Human
3.791304347826087,Human
4.831775700934579,Human
5.568548387096774,Human
5.3694915254237285,Human
4.324894514767933,Human
3.8053097345132745,Human
4.6477272727272725,Human
4.072463768115942,Human
7.170418006430868,Human
4.1571428571428575,Human
5.694915254237288,Human
4.055555555555555,Human
5.56401384083045,Human
3.730496453900709,Human
4.888888888888889,Human
4.513698630136986,Human
5.275862068965517,Human
4.958904109589041,Human
4.253968253968254,Human
5.746527777777778,Human
4.923913043478261,Human
5.21259842519685,Human
5.564516129032258,Human
3.2708333333333335,Human
4.792253521126761,Human
3.7465753424657535,Human
4.717557251908397,Human
4.63035019455253,Human
4.930817610062893,Human
4.59047619047619,Human
4.0,Human
5.074074074074074,Human
4.872246696035242,Human
3.2913385826771653,Human
4.341013824884793,Human
4.2727272727272725,Human
4.44375,Human
3.9351351351351354,Human
3.392857142857143,Human
4.243243243243243,Human
4.419047619047619,Human
6.079113924050633,Human
5.282208588957055,Human
10.5,Human
6.133333333333334,Human
3.7167381974248928,Human
3.473913043478261,Human
5.734375,Human
4.695652173913044,Human
5.2781954887218046,Human
4.217741935483871,Human
4.420634920634921,Human
4.382352941176471,Human
4.330097087378641,Human
5.378378378378378,Human
5.9911111111111115,Human
5.04140127388535,Human
4.074766355140187,Human
4.412037037037037,Human
2.9791666666666665,Human
4.188034188034188,Human
3.5888324873096447,Human
4.8359375,Human
4.803921568627451,Human
5.115044247787611,Human
3.6944444444444446,Human
4.348837209302325,Human
4.527272727272727,Human
4.87984496124031,Human
3.619718309859155,Human
4.61437908496732,Human
4.7592592592592595,Human
4.818181818181818,Human
6.316666666666666,Human
4.572549019607843,Human
6.666666666666667,Human
5.0,Human
5.108949416342412,Human
4.469945355191257,Human
3.502958579881657,Human
20.0,Human
4.188524590163935,Human
4.233333333333333,Human
5.0,Human
5.359683794466403,Human
4.428571428571429,Human
6.173374613003096,Human
4.9655172413793105,Human
4.197530864197531,Human
4.893939393939394,Human
4.937956204379562,Human
4.747747747747748,Human
4.72,Human
5.375661375661376,Human
5.334782608695652,Human
4.3428571428571425,Human
4.271604938271605,Human
3.5739130434782607,Human
4.829694323144105,Human
4.304964539007092,Human
3.382608695652174,Human
3.676470588235294,Human
4.158227848101266,Human
4.4423076923076925,Human
3.606060606060606,Human
5.022935779816514,Human
5.085714285714285,Human
5.330357142857143,Human
4.923076923076923,Human
3.533333333333333,Human
4.6255707762557075,Human
4.042780748663102,Human
5.512295081967213,Human
5.597269624573379,Human
3.9124087591240877,Human
4.84070796460177,Human
4.5,Human
5.837209302325581,Human
5.257142857142857,Human
5.641025641025641,Human
5.590909090909091,Human
6.4772727272727275,Human
4.39,Human
4.705357142857143,Human
4.990291262135922,Human
4.326923076923077,Human
4.706896551724138,Human
3.478494623655914,Human
5.938650306748467,Human
5.335714285714285,Human
5.590163934426229,Human
3.834710743801653,Human
4.487046632124352,Human
4.381526104417671,Human
4.244755244755245,Human
5.456834532374101,Human
3.6838235294117645,Human
6.765151515151516,Human
4.446601941747573,Human
4.641711229946524,Human
4.2086330935251794,Human
6.126684636118599,Human
4.72680412371134,Human
6.41522491349481,Human
5.667870036101083,Human
5.605442176870748,Human
3.65625,Human
4.349753694581281,Human
3.7114093959731544,Human
3.9921259842519685,Human
5.429078014184397,Human
5.085034013605442,Human
3.9130434782608696,Human
3.9554140127388533,Human
3.9158878504672896,Human
4.767441860465116,Human
4.3522727272727275,Human
3.75,Human
4.788461538461538,Human
4.571428571428571,Human
5.700757575757576,Human
5.3173076923076925,Human
4.04,Human
3.4916666666666667,Human
6.161904761904762,Human
4.812734082397004,Human
5.895973154362416,Human
5.188552188552189,Human
4.796052631578948,Human
4.297709923664122,Human
4.386503067484663,Human
3.712121212121212,Human
4.4,Human
5.526923076923077,Human
4.760869565217392,Human
3.4680851063829787,Human
5.31294964028777,Human
4.076530612244898,Human
4.8343558282208585,Human
5.552380952380952,Human
4.860103626943006,Human
4.140350877192983,Human
4.827814569536423,Human
5.487179487179487,Human
4.72093023255814,Human
3.567901234567901,Human
4.925925925925926,Human
4.201680672268908,Human
4.524590163934426,Human
5.017857142857143,Human
3.52,Human
5.236111111111111,Human
4.391025641025641,Human
6.084,Human
4.851351351351352,Human
4.866666666666666,Human
3.8,Human
3.536764705882353,Human
5.591911764705882,Human
5.434640522875817,Human
4.894117647058824,Human
3.5454545454545454,Human
4.647619047619048,Human
4.513761467889908,Human
4.18,Human
4.137404580152672,Human
4.4526315789473685,Human
4.672489082969432,Human
4.48605577689243,Human
3.94921875,Human
4.5,Human
5.89247311827957,Human
4.40990990990991,Human
3.630952380952381,Human
3.9038461538461537,Human
4.165745856353591,Human
4.594059405940594,Human
5.588983050847458,Human
4.342995169082125,Human
4.983606557377049,Human
4.330827067669173,Human
4.125,Human
3.9765625,Human
4.364372469635628,Human
4.818181818181818,Human
3.6497175141242937,Human
5.138211382113822,Human
4.082051282051282,Human
4.645985401459854,Human
3.3376623376623376,Human
4.330097087378641,Human
3.6857142857142855,Human
5.134693877551021,Human
4.5227272727272725,Human
4.977443609022556,Human
4.567226890756302,Human
4.497991967871486,Human
4.940520446096654,Human
4.05625,Human
4.4,Human
6.02846975088968,Human
4.17,Human
4.526785714285714,Human
4.0396825396825395,Human
5.2128279883381925,Human
5.157894736842105,Human
4.567164179104478,Human
4.833333333333333,Human
5.016129032258065,Human
3.957095709570957,Human
4.153846153846154,Human
5.298245614035087,Human
4.583333333333333,Human
3.0813953488372094,Human
3.988235294117647,Human
4.246913580246914,Human
3.944915254237288,Human
4.6923076923076925,Human
5.7853881278538815,Human
5.565625,Human
3.806451612903226,Human
6.028925619834711,Human
4.90204081632653,Human
5.580736543909349,Human
5.712460063897764,Human
4.169590643274854,Human
4.5335820895522385,Human
4.722448979591837,Human
5.182509505703422,Human
4.830357142857143,Human
4.39751552795031,Human
4.894957983193278,Human
5.32,Human
5.541958041958042,Human
4.864077669902913,Human
3.5327868852459017,Human
3.6805555555555554,Human
3.0615384615384613,Human
3.985074626865672,Human
5.186915887850467,Human
5.159090909090909,Human
4.141791044776119,Human
3.6013071895424837,Human
4.0227272727272725,Human
4.453125,Human
4.5041322314049586,Human
5.771812080536913,Human
4.995412844036697,Human
4.567164179104478,Human
5.165094339622642,Human
3.6867469879518073,Human
4.7196652719665275,Human
3.648936170212766,Human
4.154471544715447,Human
4.034782608695652,Human
4.751111111111111,Human
4.636029411764706,Human
4.90204081632653,Human
3.622950819672131,Human
6.132478632478633,Human
4.15527950310559,Human
4.995555555555556,Human
3.67816091954023,Human
4.721311475409836,Human
4.723809523809524,Human
4.585760517799352,Human
5.135714285714286,Human
5.695167286245353,Human
4.656716417910448,Human
4.646341463414634,Human
4.95016611295681,Human
5.063559322033898,Human
4.154545454545454,Human
4.16,Human
3.3055555555555554,Human
4.883720930232558,Human
4.687224669603524,Human
4.658436213991769,Human
4.809523809523809,Human
4.592233009708738,Human
5.4106463878327,Human
4.963768115942029,Human
4.05,Human
5.326923076923077,Human
5.565349544072948,Human
4.564417177914111,Human
6.191275167785235,Human
3.9942528735632186,Human
4.53921568627451,Human
4.076190476190476,Human
4.753086419753086,Human
5.783625730994152,Human
5.815217391304348,Human
4.901408450704225,Human
4.086705202312139,Human
4.4628975265017665,Human
4.589743589743589,Human
3.7973856209150325,Human
4.716666666666667,Human
5.406976744186046,Human
4.488372093023256,Human
4.440476190476191,Human
4.748538011695906,Human
3.4184782608695654,Human
3.8855421686746987,Human
3.65,Human
4.538812785388128,Human
4.7269076305220885,Human
4.525735294117647,Human
3.8488372093023258,Human
3.3870967741935485,Human
5.009146341463414,Human
5.391705069124424,Human
4.242424242424242,Human
4.666666666666667,Human
5.340425531914893,Human
4.5606060606060606,Human
3.883116883116883,Human
4.215311004784689,Human
5.08080808080808,Human
3.8082901554404147,Human
4.031413612565445,Human
5.160427807486631,Human
4.978260869565218,Human
3.9642857142857144,Human
7.420091324200913,Human
4.489130434782608,Human
5.153846153846154,Human
4.198675496688741,Human
4.188524590163935,Human
4.918287937743191,Human
7.610810810810811,Human
3.948717948717949,Human
5.214545454545455,Human
4.862745098039215,Human
9.349514563106796,Human
4.525,Human
6.36085626911315,Human
4.728571428571429,Human
5.525291828793774,Human
4.625,Human
4.318681318681318,Human
6.112612612612613,Human
4.700361010830325,Human
4.834890965732087,Human
3.051282051282051,Human
3.9469026548672566,Human
4.094059405940594,Human
3.7245508982035926,Human
4.59047619047619,Human
4.127272727272727,Human
3.8,Human
4.955056179775281,Human
3.5684931506849313,Human
3.957547169811321,Human
4.0162162162162165,Human
4.280575539568345,Human
5.345394736842105,Human
3.9855072463768115,Human
5.426605504587156,Human
3.909090909090909,Human
4.3405172413793105,Human
4.725409836065574,Human
4.909375,Human
4.629310344827586,Human
4.1,Human
4.015789473684211,Human
3.9291338582677167,Human
3.945578231292517,Human
5.445736434108527,Human
4.394736842105263,Human
4.323529411764706,Human
4.588235294117647,Human
5.564102564102564,Human
5.1245901639344265,Human
4.973684210526316,Human
4.385786802030457,Human
5.254032258064516,Human
3.1,Human
4.776785714285714,Human
3.6178861788617884,Human
3.8925619834710745,Human
4.031578947368421,Human
4.194594594594594,Human
4.94300518134715,Human
3.4473684210526314,Human
5.756653992395437,Human
5.123853211009174,Human
5.295454545454546,Human
13.833333333333334,Human
6.67193675889328,Human
5.104838709677419,Human
4.052083333333333,Human
4.262820512820513,Human
4.117241379310345,Human
4.454225352112676,Human
3.7474747474747474,Human
4.256756756756757,Human
3.0384615384615383,Human
4.602150537634409,Human
4.4766355140186915,Human
3.8449612403100777,Human
6.4088397790055245,Human
5.0285714285714285,Human
4.232258064516129,Human
4.75,Human
3.9064327485380117,Human
4.980952380952381,Human
4.925925925925926,Human
4.4875,Human
3.769230769230769,Human
5.73224043715847,Human
4.373913043478261,Human
5.155038759689923,Human
5.5,Human
4.623376623376624,Human
4.771428571428571,Human
5.247232472324724,Human
4.650406504065041,Human
6.352678571428571,Human
3.75,Human
4.122905027932961,Human
2.8229166666666665,Human
3.6666666666666665,Human
5.13986013986014,Human
5.093023255813954,Human
3.347826086956522,Human
5.0,Human
3.701570680628272,Human
4.632075471698113,Human
5.4,Human
4.162790697674419,Human
5.3090909090909095,Human
5.449799196787149,Human
5.1033333333333335,Human
5.4,Human
4.1647727272727275,Human
4.300613496932515,Human
4.145038167938932,Human
4.806451612903226,Human
2.9714285714285715,Human
5.381147540983607,Human
4.3619047619047615,Human
4.900763358778626,Human
5.359683794466403,Human
4.9743589743589745,Human
4.678571428571429,Human
4.11219512195122,Human
5.20353982300885,Human
3.6728971962616823,Human
5.722929936305732,Human
5.066326530612245,Human
4.56401384083045,Human
5.413043478260869,Human
4.015873015873016,Human
4.919540229885057,Human
3.519230769230769,Human
4.736111111111111,Human
3.783505154639175,Human
3.982456140350877,Human
4.2,Human
3.6458333333333335,Human
3.869918699186992,Human
4.859813084112149,Human
4.5625,Human
3.4305555555555554,Human
3.9545454545454546,Human
5.046875,Human
4.989130434782608,Human
4.739910313901345,Human
4.137931034482759,Human
5.485981308411215,Human
3.6792452830188678,Human
4.264705882352941,Human
5.423076923076923,Human
4.67816091954023,Human
3.2472527472527473,Human
4.19774011299435,Human
4.769230769230769,Human
4.134228187919463,Human
4.185185185185185,Human
4.864035087719298,Human
3.625,Human
4.398496240601504,Human
4.575757575757576,Human
4.042253521126761,Human
4.895973154362416,Human
4.742857142857143,Human
3.5755813953488373,Human
4.274647887323944,Human
5.135371179039302,Human
3.391304347826087,Human
4.679245283018868,Human
4.3428571428571425,Human
3.4204545454545454,Human
4.43956043956044,Human
4.9961832061068705,Human
6.287822878228782,Human
5.057142857142857,Human
6.9411764705882355,Human
5.461016949152542,Human
4.069672131147541,Human
3.967889908256881,Human
4.387096774193548,Human
5.884057971014493,Human
4.065476190476191,Human
4.047846889952153,Human
4.107438016528926,Human
4.227848101265823,Human
5.0777777777777775,Human
4.541033434650456,Human
3.727272727272727,Human
5.098039215686274,Human
4.229411764705882,Human
4.114864864864865,Human
4.274111675126903,Human
4.481481481481482,Human
4.8474576271186445,Human
4.956834532374101,Human
3.978102189781022,Human
4.1117647058823525,Human
4.376146788990826,Human
4.333333333333333,Human
5.714285714285714,Human
4.521531100478469,Human
4.400793650793651,Human
4.32520325203252,Human
3.5849056603773586,Human
5.773333333333333,Human
4.131147540983607,Human
4.71978021978022,Human
4.031645569620253,Human
4.551724137931035,Human
3.8518518518518516,Human
3.8815789473684212,Human
3.7966101694915255,Human
3.7954545454545454,Human
5.3624161073825505,Human
3.682758620689655,Human
3.798611111111111,Human
3.2794117647058822,Human
4.890625,Human
4.511111111111111,Human
4.48207171314741,Human
5.357142857142857,Human
4.366412213740458,Human
6.219101123595506,Human
4.970954356846473,Human
4.760869565217392,Human
4.697297297297298,Human
5.631578947368421,Human
5.942857142857143,Human
4.564102564102564,Human
5.321428571428571,Human
4.15,Human
3.744047619047619,Human
4.062857142857143,Human
5.974683544303797,Human
4.121495327102804,Human
6.115384615384615,Human
4.954545454545454,Human
5.215909090909091,Human
5.303738317757009,Human
5.0476190476190474,Human
4.095406360424028,Human
4.47887323943662,Human
4.657407407407407,Human
7.223529411764706,Human
4.774193548387097,Human
4.031468531468532,Human
4.509868421052632,Human
4.213235294117647,Human
6.022026431718062,Human
5.100719424460432,Human
5.050761421319797,Human
5.067415730337078,Human
3.6842105263157894,Human
4.543071161048689,Human
4.013986013986014,Human
4.402255639097745,Human
4.308219178082192,Human
4.517766497461929,Human
5.22,Human
4.757425742574258,Human
5.021428571428571,Human
4.617283950617284,Human
4.5436507936507935,Human
4.022058823529412,Human
4.2785388127853885,Human
5.352380952380952,Human
4.044117647058823,Human
4.1988304093567255,Human
5.315985130111524,Human
4.828282828282828,Human
4.3428571428571425,Human
4.809523809523809,Human
3.7836538461538463,Human
4.603260869565218,Human
4.362745098039215,Human
5.58,Human
4.794520547945205,Human
4.671480144404332,Human
5.046610169491525,Human
4.644808743169399,Human
4.611111111111111,Human
5.2746268656716415,Human
6.386666666666667,Human
4.578313253012048,Human
5.883802816901408,Human
4.299065420560748,Human
4.857142857142857,Human
3.9731182795698925,Human
4.961111111111111,Human
4.433447098976109,Human
3.808,Human
3.5476190476190474,Human
4.956656346749226,Human
5.735294117647059,Human
4.640718562874252,Human
4.306532663316583,Human
5.407407407407407,Human
5.684210526315789,Human
5.527777777777778,Human
3.950413223140496,Human
6.650224215246637,Human
4.21608040201005,Human
5.162361623616236,Human
3.942857142857143,Human
4.538461538461538,Human
4.046728971962617,Human
3.1615384615384614,Human
5.282685512367491,Human
3.8365384615384617,Human
4.54424778761062,Human
3.9931034482758623,Human
5.238970588235294,Human
4.991525423728813,Human
4.733333333333333,Human
3.79136690647482,Human
5.100806451612903,Human
5.888888888888889,Human
4.2642487046632125,Human
5.26953125,Human
3.585526315789474,Human
4.069672131147541,Human
4.967213114754099,Human
5.796407185628743,Human
5.913043478260869,Human
5.611538461538461,Human
4.99581589958159,Human
4.307377049180328,Human
4.157894736842105,Human
4.387755102040816,Human
4.3984375,Human
5.349753694581281,Human
4.934210526315789,Human
5.788643533123029,Human
5.483271375464684,Human
3.959731543624161,Human
5.203883495145631,Human
5.041958041958042,Human
4.597765363128492,Human
4.644736842105263,Human
6.181208053691275,Human
4.0,Human
5.930946291560102,Human
4.791044776119403,Human
4.5879396984924625,Human
5.104651162790698,Human
4.69,Human
6.309659090909091,Human
5.5667752442996745,Human
3.8125,Human
4.449685534591195,Human
3.9444444444444446,Human
3.9559748427672954,Human
3.204225352112676,Human
5.40990990990991,Human
4.714285714285714,Human
4.59047619047619,Human
4.538205980066445,Human
4.142857142857143,Human
4.227586206896552,Human
5.245283018867925,Human
5.195876288659794,Human
4.393700787401575,Human
4.728506787330317,Human
4.308080808080808,Human
4.903474903474904,Human
4.6,Human
5.172932330827067,Human
5.708029197080292,Human
4.587155963302752,Human
3.7168141592920354,Human
4.172995780590718,Human
6.769751693002258,Human
3.7542857142857144,Human
4.884297520661157,Human
5.995073891625616,Human
4.4,Human
4.852140077821011,Human
4.562962962962963,Human
3.9393939393939394,Human
5.040816326530612,Human
4.524752475247524,Human
4.665594855305466,Human
5.838095238095238,Human
4.447619047619048,Human
4.066666666666666,Human
4.858823529411764,Human
4.879310344827586,Human
4.446428571428571,Human
6.3355704697986575,Human
4.384615384615385,Human
4.34065934065934,Human
3.8555555555555556,Human
3.8625,Human
5.276190476190476,Human
4.707602339181286,Human
4.775590551181103,Human
5.776422764227642,Human
4.621621621621622,Human
5.956375838926174,Human
4.548523206751055,Human
4.038095238095238,Human
3.9,Human
3.736842105263158,Human
7.7254901960784315,Human
4.228571428571429,Human
5.031128404669261,Human
4.160409556313994,Human
4.527272727272727,Human
4.233870967741935,Human
4.739393939393939,Human
7.516129032258065,Human
5.311418685121107,Human
3.6298342541436464,Human
4.486301369863014,Human
3.8846153846153846,Human
3.8767123287671232,Human
4.57037037037037,Human
5.314285714285714,Human
4.662162162162162,Human
4.619047619047619,Human
3.9054054054054053,Human
5.269230769230769,Human
3.9696969696969697,Human
3.8972602739726026,Human
4.485981308411215,Human
4.401960784313726,Human
6.263940520446097,Human
4.7637795275590555,Human
5.033333333333333,Human
4.72189349112426,Human
5.568965517241379,Human
4.908759124087592,Human
4.049295774647887,Human
3.6666666666666665,Human
4.7765567765567765,Human
4.2444444444444445,Human
4.178378378378379,Human
4.6953125,Human
4.2,Human
4.264069264069264,Human
4.47945205479452,Human
4.942857142857143,Human
4.152380952380953,Human
6.084745762711864,Human
4.628571428571429,Human
4.512820512820513,Human
4.815686274509804,Human
4.0,Human
4.333333333333333,Human
6.395638629283489,Human
4.5162790697674415,Human
5.347639484978541,Human
4.7226277372262775,Human
3.625,Human
4.216867469879518,Human
4.75,Human
5.71043771043771,Human
5.873239436619718,Human
4.151785714285714,Human
3.8771929824561404,Human
4.108333333333333,Human
5.639175257731959,Human
5.225409836065574,Human
5.172549019607843,Human
4.79047619047619,Human
3.8969072164948453,Human
5.068085106382979,Human
4.553097345132743,Human
4.438095238095238,Human
3.375,Human
4.426136363636363,Human
4.779005524861878,Human
4.032863849765258,Human
4.859459459459459,Human
3.939890710382514,Human
4.643086816720257,Human
5.038095238095238,Human
4.867469879518072,Human
4.642857142857143,Human
3.857142857142857,Human
4.623015873015873,Human
4.284789644012945,Human
5.384615384615385,Human
5.466666666666667,Human
5.192660550458716,Human
4.771428571428571,Human
4.923076923076923,Human
3.697530864197531,Human
4.71806167400881,Human
4.457142857142857,Human
5.142292490118577,Human
6.276,Human
5.066115702479339,Human
6.281976744186046,Human
3.4097222222222223,Human
5.134146341463414,Human
4.4,Human
4.358208955223881,Human
3.9537037037037037,Human
5.1138211382113825,Human
5.1521739130434785,Human
5.26875,Human
3.27027027027027,Human
4.225225225225225,Human
3.892857142857143,Human
4.111111111111111,Human
4.428571428571429,Human
4.74609375,Human
3.669811320754717,Human
3.0161290322580645,Human
5.657276995305164,Human
4.829181494661921,Human
5.407766990291262,Human
5.783393501805054,Human
4.90625,Human
4.456043956043956,Human
5.288372093023256,Human
5.342372881355932,Human
4.379746835443038,Human
3.4339622641509435,Human
5.410094637223975,Human
4.532894736842105,Human
4.895238095238096,Human
3.174825174825175,Human
3.549019607843137,Human
5.703180212014134,Human
5.340336134453781,Human
4.196428571428571,Human
4.63849765258216,Human
6.540650406504065,Human
4.909090909090909,Human
4.681102362204724,Human
3.462121212121212,Human
4.012578616352202,Human
4.334905660377358,Human
3.519607843137255,Human
4.426573426573427,Human
4.612565445026178,Human
4.615384615384615,Human
4.8014440433212995,Human
4.824451410658307,Human
4.056962025316456,Human
4.580882352941177,Human
4.95,Human
4.698412698412699,Human
5.102127659574468,Human
5.568527918781726,Human
4.067961165048544,Human
3.6682242990654204,Human
4.5233644859813085,Human
6.260623229461756,Human
4.4576271186440675,Human
5.539370078740157,Human
3.967741935483871,Human
4.669172932330827,Human
5.726495726495727,Human
6.924882629107981,Human
3.86,Human
5.400709219858156,Human
4.037037037037037,Human
3.826771653543307,Human
3.9453125,Human
5.4229249011857705,Human
4.506172839506172,Human
5.176470588235294,Human
3.5246913580246915,Human
4.230366492146596,Human
4.4678571428571425,Human
3.5555555555555554,Human
3.9012345679012346,Human
4.833333333333333,Human
3.4696969696969697,Human
4.262135922330097,Human
3.8418367346938775,Human
4.055172413793104,Human
4.628272251308901,Human
4.281553398058253,Human
5.178899082568807,Human
4.533333333333333,Human
5.037313432835821,Human
4.920863309352518,Human
4.646017699115045,Human
5.213973799126638,Human
4.172413793103448,Human
3.977777777777778,Human
4.716981132075472,Human
6.1875,Human
5.281124497991968,Human
5.045871559633028,Human
4.136363636363637,Human
4.717948717948718,Human
5.659701492537313,Human
4.8125,Human
5.411764705882353,Human
4.088541666666667,Human
4.487179487179487,Human
3.799163179916318,Human
6.791970802919708,Human
5.063025210084033,Human
4.27112676056338,Human
4.186567164179104,Human
5.230769230769231,Human
5.946236559139785,Human
4.425,Human
4.031645569620253,Human
4.885106382978724,Human
5.051587301587301,Human
4.649122807017544,Human
5.034090909090909,Human
4.212903225806452,Human
5.08994708994709,Human
4.895238095238096,Human
4.096,Human
4.395348837209302,Human
4.843478260869565,Human
4.591549295774648,Human
5.024390243902439,Human
4.812765957446809,Human
4.538759689922481,Human
4.9604743083003955,Human
4.65566037735849,Human
5.095238095238095,Human
3.9642857142857144,Human
5.962962962962963,Human
4.26984126984127,Human
3.946078431372549,Human
5.568047337278107,Human
4.064,Human
4.392265193370166,Human
3.2464788732394365,Human
4.5396825396825395,Human
4.457142857142857,Human
4.306666666666667,Human
4.836283185840708,Human
5.5,Human
4.636904761904762,Human
4.211538461538462,Human
5.364485981308412,Human
3.4494949494949494,Human
4.853242320819112,Human
4.2560975609756095,Human
4.357723577235772,Human
4.034883720930233,Human
4.25,Human
5.175182481751825,Human
4.340579710144928,Human
3.080357142857143,Human
6.157706093189964,Human
4.88135593220339,Human
5.262711864406779,Human
4.7407407407407405,Human
5.078189300411522,Human
4.271604938271605,Human
3.8225806451612905,Human
3.8440366972477062,Human
4.452941176470588,Human
4.298657718120805,Human
4.625,Human
3.7333333333333334,Human
4.8449197860962565,Human
3.482233502538071,Human
4.8701923076923075,Human
3.9153094462540716,Human
6.225806451612903,Human
3.6911764705882355,Human
3.9160305343511452,Human
3.8767123287671232,Human
4.564912280701755,Human
4.873111782477341,Human
3.8016528925619837,Human
3.6623376623376624,Human
5.0,Human
4.995633187772926,Human
3.7465753424657535,Human
3.827067669172932,Human
5.800711743772242,Human
6.623015873015873,Human
4.798507462686567,Human
5.093333333333334,Human
3.855769230769231,Human
4.8441558441558445,Human
4.313725490196078,Human
4.483471074380165,Human
4.617760617760617,Human
3.565934065934066,Human
4.438095238095238,Human
4.43359375,Human
5.025477707006369,Human
3.693877551020408,Human
3.414141414141414,Human
3.512,Human
5.194214876033058,Human
5.82520325203252,Human
5.44,Human
5.2781954887218046,Human
3.6777777777777776,Human
6.791044776119403,Human
4.77859778597786,Human
5.492307692307692,Human
4.493333333333333,Human
4.745283018867925,Human
3.6699029126213594,Human
5.101694915254237,Human
4.74375,Human
4.496732026143791,Human
20.0,Human
4.240384615384615,Human
4.839285714285714,Human
5.21969696969697,Human
5.123239436619718,Human
4.281786941580756,Human
4.668032786885246,Human
3.883977900552486,Human
5.119205298013245,Human
4.02112676056338,Human
5.59375,Human
3.950617283950617,Human
3.5948275862068964,Human
4.026905829596412,Human
4.728395061728395,Human
3.7688442211055277,Human
4.634615384615385,Human
4.468354430379747,Human
5.0285714285714285,Human
4.828431372549019,Human
3.841666666666667,Human
4.953271028037383,Human
4.5523255813953485,Human
5.968468468468468,Human
6.536458333333333,Human
4.808943089430894,Human
3.827956989247312,Human
5.4,Human
4.238993710691824,Human
4.809523809523809,Human
3.95,Human
4.4603174603174605,Human
5.27810650887574,Human
5.042813455657492,Human
4.467741935483871,Human
4.858870967741935,Human
5.595330739299611,Human
3.6367521367521367,Human
4.145161290322581,Human
4.26984126984127,Human
4.447619047619048,Human
3.9754901960784315,Human
5.058558558558558,Human
5.608832807570978,Human
4.807407407407408,Human
4.059523809523809,Human
4.428571428571429,Human
4.611111111111111,Human
6.132258064516129,Human
4.983333333333333,Human
4.019047619047619,Human
5.174074074074074,Human
5.117647058823529,Human
4.7086330935251794,Human
5.535,Human
4.926086956521739,Human
4.125,Human
5.467741935483871,Human
3.566666666666667,Human
4.240549828178694,Human
5.752212389380531,Human
3.6666666666666665,Human
4.04,Human
3.9159663865546217,Human
3.8446601941747574,Human
4.788,Human
4.087155963302752,Human
6.188311688311688,Human
3.8225806451612905,Human
5.133333333333334,Human
4.846975088967971,Human
5.753488372093023,Human
4.133333333333334,Human
5.122641509433962,Human
4.333333333333333,Human
5.004201680672269,Human
5.1208791208791204,Human
4.345991561181434,Human
4.930232558139535,Human
5.162790697674419,Human
6.466666666666667,Human
3.8452380952380953,Human
5.352459016393443,Human
2.9,Human
4.294117647058823,Human
4.0344827586206895,Human
4.5772357723577235,Human
5.311643835616438,Human
4.086092715231788,Human
5.378378378378378,Human
5.619791666666667,Human
3.6285714285714286,Human
3.319327731092437,Human
4.0,Human
3.560185185185185,Human
5.686507936507937,Human
5.108626198083067,Human
3.7517241379310344,Human
3.8315217391304346,Human
4.46,Human
6.102325581395349,Human
5.167400881057269,Human
3.8684210526315788,Human
5.266666666666667,Human
5.2175732217573225,Human
6.116279069767442,Human
5.23,Human
3.389830508474576,Human
4.711538461538462,Human
4.495238095238095,Human
8.842105263157896,Human
5.3046875,Human
5.849122807017544,Human
4.623481781376518,Human
4.546184738955823,Human
4.179310344827586,Human
4.892537313432836,Human
6.012448132780083,Human
4.770700636942675,Human
4.445859872611465,Human
4.625,Human
4.267515923566879,Human
4.357142857142857,Human
4.712765957446808,Human
5.576036866359447,Human
4.552188552188552,Human
4.232876712328767,Human
3.873015873015873,Human
4.737430167597766,Human
3.9770114942528734,Human
4.428571428571429,Human
4.856115107913669,Human
5.149305555555555,Human
4.3604651162790695,Human
3.336206896551724,Human
4.097744360902255,Human
4.6,Human
4.8938356164383565,Human
4.916129032258064,Human
5.866883116883117,Human
5.1694352159468435,Human
4.558375634517766,Human
3.9461538461538463,Human
4.263636363636364,Human
3.830508474576271,Human
5.3822222222222225,Human
3.990566037735849,Human
4.685714285714286,Human
5.3863013698630136,Human
4.291666666666667,Human
4.80564263322884,Human
5.145833333333333,Human
4.728682170542636,Human
4.095238095238095,Human
5.454166666666667,Human
4.613333333333333,Human
3.746376811594203,Human
5.345679012345679,Human
4.67680608365019,Human
3.864406779661017,Human
4.238341968911917,Human
4.083333333333333,Human
5.477178423236515,Human
5.3153526970954355,Human
4.327102803738318,Human
3.933333333333333,Human
4.904761904761905,Human
4.124260355029586,Human
5.285714285714286,Human
4.159420289855072,Human
5.038095238095238,Human
6.865384615384615,Human
4.705128205128205,Human
6.803174603174603,Human
3.4835164835164836,Human
3.212121212121212,Human
5.014925373134329,Human
4.504761904761905,Human
3.3841463414634148,Human
5.421052631578948,Human
3.9069767441860463,Human
4.513513513513513,Human
3.8469387755102042,Human
5.182758620689655,Human
4.4678362573099415,Human
5.0246913580246915,Human
4.355769230769231,Human
4.22972972972973,Human
4.0,Human
4.975683890577508,Human
3.7478991596638656,Human
4.220183486238532,Human
3.8666666666666667,Human
4.771428571428571,Human
4.95475113122172,Human
4.661904761904762,Human
5.1239316239316235,Human
4.982352941176471,Human
4.3175675675675675,Human
4.305555555555555,Human
5.608,Human
4.266666666666667,Human
5.2457337883959045,Human
4.712962962962963,Human
4.467661691542289,Human
4.954225352112676,Human
4.9781818181818185,Human
4.336065573770492,Human
4.6838235294117645,Human
4.731543624161074,Human
4.8,Human
3.5495049504950495,Human
3.723076923076923,Human
6.066147859922179,Human
5.740875912408759,Human
3.9495798319327733,Human
4.783882783882784,Human
4.632575757575758,Human
4.591743119266055,Human
4.813559322033898,Human
4.269767441860465,Human
5.473214285714286,Human
4.235294117647059,Human
4.464285714285714,Human
4.254098360655738,Human
4.081081081081081,Human
4.941704035874439,Human
4.941964285714286,Human
3.4285714285714284,Human
4.225225225225225,Human
3.9296875,Human
4.68,Human
4.228395061728395,Human
3.741007194244604,Human
4.914141414141414,Human
4.75,Human
4.311320754716981,Human
4.740384615384615,Human
3.7716535433070866,Human
4.463302752293578,Human
4.466666666666667,Human
4.980952380952381,Human
4.864768683274021,Human
2.9444444444444446,Human
5.809523809523809,Human
5.268595041322314,Human
5.942372881355932,Human
4.383838383838384,Human
5.013698630136986,Human
3.8877551020408165,Human
5.631782945736434,Human
3.958904109589041,Human
5.147368421052631,Human
5.7491289198606275,Human
3.989795918367347,Human
3.9618320610687023,Human
3.488095238095238,Human
3.4705882352941178,Human
4.507246376811594,Human
5.8338983050847455,Human
4.3621621621621625,Human
5.32806324110672,Human
3.876190476190476,Human
3.1911764705882355,Human
4.696969696969697,Human
5.133779264214047,Human
4.551351351351351,Human
5.094936708860759,Human
3.7304347826086954,Human
3.25,Human
4.430894308943089,Human
5.1528662420382165,Human
3.9893617021276597,Human
3.5555555555555554,Human
7.181598062953995,Human
3.511764705882353,Human
4.873015873015873,Human
4.769736842105263,Human
4.216981132075472,Human
4.9375,Human
4.969040247678018,Human
4.285714285714286,Human
3.880952380952381,Human
4.10377358490566,Human
4.779816513761468,Human
4.4316939890710385,Human
3.7903225806451615,Human
4.425287356321839,Human
4.126086956521739,Human
5.055555555555555,Human
4.557077625570776,Human
5.397489539748954,Human
4.507246376811594,Human
5.366412213740458,Human
4.439814814814815,Human
4.184,Human
5.898305084745763,Human
4.656716417910448,Human
6.038732394366197,Human
4.895238095238096,Human
4.273809523809524,Human
4.729166666666667,Human
6.1652892561983474,Human
6.141843971631205,Human
5.731788079470198,Human
3.5494505494505493,Human
4.883495145631068,Human
6.101063829787234,Human
4.190871369294606,Human
4.301075268817204,Human
4.76797385620915,Human
4.235294117647059,Human
5.0638297872340425,Human
4.813056379821958,Human
4.679012345679013,Human
3.6324786324786325,Human
3.75,Human
4.004716981132075,Human
4.620967741935484,Human
3.895238095238095,Human
4.933333333333334,Human
4.670520231213873,Human
4.8,Human
4.088888888888889,Human
4.684210526315789,Human
3.8686868686868685,Human
4.783783783783784,Human
4.772200772200772,Human
3.878504672897196,Human
5.432,Human
5.195592286501378,Human
4.527472527472527,Human
4.65625,Human
5.981981981981982,Human
3.589041095890411,Human
5.079831932773109,Human
4.043103448275862,Human
5.7368421052631575,Human
4.5423728813559325,Human
3.8588235294117648,Human
3.4262295081967213,Human
3.992337164750958,Human
4.256410256410256,Human
3.4786729857819907,Human
3.761904761904762,Human
4.6299212598425195,Human
5.378260869565217,Human
3.7962962962962963,Human
5.46,Human
4.579439252336448,Human
4.125,Human
4.936908517350158,Human
4.029411764705882,Human
4.731060606060606,Human
4.803149606299213,Human
3.9776119402985075,Human
5.138888888888889,Human
3.7888888888888888,Human
3.612676056338028,Human
3.7079646017699117,Human
5.747035573122529,Human
4.635869565217392,Human
5.086206896551724,Human
5.764705882352941,Human
4.678321678321678,Human
4.3547400611620795,Human
4.645669291338582,Human
5.253333333333333,Human
4.8173076923076925,Human
4.526970954356846,Human
4.846153846153846,Human
4.54,Human
4.644578313253012,Human
4.65546218487395,Human
6.0493421052631575,Human
4.684,Human
3.977777777777778,Human
4.616279069767442,Human
4.333333333333333,Human
4.293478260869565,Human
5.523206751054852,Human
3.375,Human
4.014423076923077,Human
5.318791946308725,Human
4.253333333333333,Human
5.785507246376811,Human
5.132530120481928,Human
6.898305084745763,Human
4.802547770700637,Human
4.3580246913580245,Human
3.931216931216931,Human
5.396341463414634,Human
5.23321554770318,Human
4.131386861313868,Human
5.355828220858895,Human
5.0,Human
3.842857142857143,Human
4.049180327868853,Human
3.975,Human
3.792682926829268,Human
4.441666666666666,Human
5.778225806451613,Human
6.112582781456954,Human
5.1505791505791505,Human
4.262626262626263,Human
4.411267605633803,Human
3.328,Human
4.75,Human
5.378571428571429,Human
3.6666666666666665,Human
3.865546218487395,Human
4.188118811881188,Human
5.27810650887574,Human
3.78125,Human
4.822878228782288,Human
5.682719546742209,Human
4.658986175115207,Human
5.242290748898679,Human
4.391167192429022,Human
4.792207792207792,Human
4.233766233766234,Human
4.901554404145077,Human
4.828571428571428,Human
4.638888888888889,Human
4.082644628099174,Human
4.252873563218391,Human
4.700854700854701,Human
5.564814814814815,Human
3.5348837209302326,Human
4.475247524752476,Human
4.731034482758621,Human
5.50314465408805,Human
3.9296875,Human
5.114035087719298,Human
4.108108108108108,Human
4.104294478527607,Human
4.845637583892618,Human
3.392857142857143,Human
3.290909090909091,Human
3.899193548387097,Human
5.233606557377049,Human
4.267857142857143,Human
5.185758513931889,Human
4.079207920792079,Human
4.655172413793103,Human
4.501510574018127,Human
4.395652173913043,Human
4.257142857142857,Human
3.8839285714285716,Human
4.740259740259741,Human
4.440677966101695,Human
5.103225806451613,Human
4.598591549295775,Human
4.512544802867383,Human
4.095890410958904,Human
5.7,Human
3.8285714285714287,Human
6.1171875,Human
4.114285714285714,Human
4.841269841269841,Human
4.269565217391304,Human
5.0046728971962615,Human
3.3823529411764706,Human
3.933333333333333,Human
4.943181818181818,Human
3.764044943820225,Human
4.9440298507462686,Human
4.044585987261146,Human
5.109589041095891,Human
4.7727272727272725,Human
5.788888888888889,Human
5.2087542087542085,Human
4.7924528301886795,Human
3.9014084507042255,Human
4.038095238095238,Human
3.9285714285714284,Human
4.274647887323944,Human
4.982456140350878,Human
4.514084507042254,Human
5.040955631399317,Human
5.1526479750778815,Human
3.8055555555555554,Human
4.504504504504505,Human
4.714285714285714,Human
3.942857142857143,Human
4.662162162162162,Human
4.098765432098766,Human
4.5227272727272725,Human
4.113636363636363,Human
3.918918918918919,Human
3.906779661016949,Human
4.1466666666666665,Human
4.674626865671642,Human
5.671428571428572,Human
5.814569536423841,Human
4.208144796380091,Human
5.981060606060606,Human
4.219178082191781,Human
3.9367088607594938,Human
3.526627218934911,Human
4.325301204819277,Human
4.794117647058823,Human
2.7160493827160495,Human
4.094444444444444,Human
6.072222222222222,Human
5.016326530612245,Human
3.47741935483871,Human
5.9411764705882355,Human
4.008620689655173,Human
4.567375886524823,Human
4.833333333333333,Human
3.9114583333333335,Human
3.8152173913043477,Human
4.055555555555555,Human
3.5723684210526314,Human
3.225806451612903,Human
4.56640625,Human
6.365448504983389,Human
5.3979591836734695,Human
5.177777777777778,Human
5.641843971631205,Human
4.198529411764706,Human
3.82122905027933,Human
4.5675675675675675,Human
4.020833333333333,Human
4.367149758454106,Human
5.170984455958549,Human
4.551724137931035,Human
6.452012383900929,Human
4.601769911504425,Human
4.428571428571429,Human
4.148148148148148,Human
5.760797342192691,Human
5.232142857142857,Human
5.104761904761904,Human
5.307017543859649,Human
5.07177033492823,Human
4.8584070796460175,Human
3.6375838926174495,Human
3.6693548387096775,Human
5.088983050847458,Human
3.6576576576576576,Human
4.343511450381679,Human
5.00531914893617,Human
4.662921348314606,Human
6.308943089430894,Human
4.241379310344827,Human
3.9375,Human
3.5945945945945947,Human
5.648305084745763,Human
4.94,Human
4.054545454545455,Human
3.765625,Human
4.313953488372093,Human
4.226086956521739,Human
4.005649717514125,Human
5.012121212121212,Human
3.975,Human
4.904761904761905,Human
4.222222222222222,Human
3.875,Human
4.634146341463414,Human
3.2578947368421054,Human
4.876344086021505,Human
8.208695652173914,Human
4.41875,Human
4.925675675675675,Human
3.9947916666666665,Human
3.8742138364779874,Human
3.5041322314049586,Human
5.813559322033898,Human
4.831325301204819,Human
4.166666666666667,Human
4.736434108527132,Human
4.186915887850467,Human
5.101503759398496,Human
4.3478260869565215,Human
4.043478260869565,Human
5.56420233463035,Human
3.6016260162601625,Human
4.357142857142857,Human
3.8916666666666666,Human
4.297435897435897,Human
6.82051282051282,Human
4.713333333333333,Human
4.963302752293578,Human
4.269230769230769,Human
4.6767676767676765,Human
3.726457399103139,Human
4.349514563106796,Human
4.121495327102804,Human
4.3119266055045875,Human
4.305785123966942,Human
4.264900662251655,Human
4.618110236220472,Human
3.574324324324324,Human
6.8565891472868215,Human
3.857142857142857,Human
3.910179640718563,Human
4.697777777777778,Human
4.538461538461538,Human
5.503472222222222,Human
4.0503597122302155,Human
4.3478260869565215,Human
4.4511627906976745,Human
5.180672268907563,Human
5.703081232492997,Human
5.635220125786163,Human
3.914285714285714,Human
4.244541484716157,Human
4.080645161290323,Human
4.398305084745763,Human
3.590909090909091,Human
4.079365079365079,Human
3.522222222222222,Human
5.783132530120482,Human
5.658450704225352,Human
3.6621621621621623,Human
5.227091633466135,Human
4.16875,Human
4.37696335078534,Human
5.426356589147287,Human
4.546511627906977,Human
3.646153846153846,Human
5.2517006802721085,Human
4.544554455445544,Human
4.43956043956044,Human
5.533980582524272,Human
4.216216216216216,Human
4.009345794392523,Human
4.408045977011494,Human
4.902777777777778,Human
4.906103286384977,Human
3.141509433962264,Human
3.6623376623376624,Human
4.3984375,Human
4.668161434977579,Human
5.794117647058823,Human
3.8962962962962964,Human
5.023584905660377,Human
5.860681114551084,Human
4.776,Human
4.044444444444444,Human
4.462765957446808,Human
4.53921568627451,Human
6.197452229299363,Human
3.5,Human
5.552529182879377,Human
4.066666666666666,Human
4.0246913580246915,Human
4.04424778761062,Human
3.5106382978723403,Human
4.742857142857143,Human
3.944055944055944,Human
3.6699029126213594,Human
4.1,Human
4.1,Human
5.778364116094987,Human
5.813725490196078,Human
3.926701570680628,Human
4.552238805970149,Human
3.7115384615384617,Human
4.313513513513514,Human
4.593582887700535,Human
4.009950248756219,Human
3.36,Human
4.020746887966805,Human
4.481481481481482,Human
4.008333333333334,Human
4.580952380952381,Human
5.884615384615385,Human
5.347972972972973,Human
4.786458333333333,Human
4.448275862068965,Human
4.822281167108753,Human
4.30188679245283,Human
6.321192052980132,Human
4.244897959183674,Human
4.112426035502959,Human
4.44,Human
4.118483412322274,Human
5.583333333333333,Human
5.324324324324325,Human
4.5479452054794525,Human
4.068627450980392,Human
3.81021897810219,Human
4.3061224489795915,Human
4.813008130081301,Human
5.408496732026144,Human
4.751054852320675,Human
4.273809523809524,Human
6.805194805194805,Human
4.546296296296297,Human
5.397769516728625,Human
5.540983606557377,Human
5.811224489795919,Human
4.364406779661017,Human
4.868804664723032,Human
3.7743589743589743,Human
5.319444444444445,Human
4.836363636363636,Human
4.75,Human
4.438053097345133,Human
4.079268292682927,Human
3.797202797202797,Human
3.9783549783549783,Human
4.261484098939929,Human
5.544642857142857,Human
4.512605042016807,Human
4.29535864978903,Human
4.3355263157894735,Human
3.5,Human
4.78021978021978,Human
5.054054054054054,Human
3.9280575539568345,Human
4.255172413793104,Human
3.6858638743455496,Human
6.020689655172414,Human
4.931818181818182,Human
4.851063829787234,Human
5.4324324324324325,Human
5.598726114649682,Human
4.321100917431193,Human
3.4352941176470586,Human
3.730392156862745,Human
6.1938325991189425,Human
5.2727272727272725,Human
5.0285714285714285,Human
3.636986301369863,Human
4.4774774774774775,Human
5.594142259414226,Human
4.531380753138075,Human
4.6796875,Human
5.603580562659847,Human
5.123893805309734,Human
20.0,Human
5.8885630498533725,Human
3.127906976744186,Human
3.5384615384615383,Human
11.4,Human
3.8153846153846156,Human
3.8354430379746836,Human
4.8352941176470585,Human
4.986046511627907,Human
5.918918918918919,Human
4.288888888888889,Human
4.314432989690721,Human
4.855737704918033,Human
4.586956521739131,Human
5.220779220779221,Human
4.947058823529412,Human
4.968944099378882,Human
4.150170648464163,Human
4.66321243523316,Human
4.385964912280702,Human
3.4691358024691357,Human
4.614785992217898,Human
4.536231884057971,Human
5.455284552845528,Human
5.980769230769231,Human
5.466666666666667,Human
4.27,Human
4.964912280701754,Human
5.242290748898679,Human
5.151515151515151,Human
4.821138211382114,Human
4.925764192139738,Human
4.952755905511811,Human
5.475,Human
6.099099099099099,Human
4.314285714285714,Human
3.823529411764706,Human
4.8983739837398375,Human
5.206422018348624,Human
5.487562189054726,Human
5.116104868913857,Human
5.08550185873606,Human
4.433691756272402,Human
4.333333333333333,Human
3.8461538461538463,Human
4.6434108527131785,Human
4.61734693877551,Human
4.75,Human
4.962365591397849,Human
5.84,Human
4.285714285714286,Human
4.207792207792208,Human
4.290969899665551,Human
4.256198347107438,Human
4.25,Human
3.9390243902439024,Human
4.771084337349397,Human
5.025974025974026,Human
4.3493150684931505,Human
5.965317919075145,Human
4.406844106463878,Human
5.114285714285714,Human
3.6065573770491803,Human
5.069767441860465,Human
4.56595744680851,Human
4.526479750778816,Human
3.562962962962963,Human
4.673611111111111,Human
5.037974683544304,Human
5.017543859649122,Human
4.417910447761194,Human
3.607843137254902,Human
5.027027027027027,Human
4.6138613861386135,Human
3.798611111111111,Human
4.894308943089431,Human
4.364583333333333,Human
4.4743589743589745,Human
5.915254237288136,Human
3.3247422680412373,Human
4.714285714285714,Human
3.968152866242038,Human
4.488970588235294,Human
4.888888888888889,Human
4.800699300699301,Human
4.0,Human
4.6625,Human
5.032388663967612,Human
4.022058823529412,Human
3.9402985074626864,Human
5.355555555555555,Human
4.514705882352941,Human
4.662162162162162,Human
4.502262443438914,Human
3.754385964912281,Human
4.142857142857143,Human
3.3963414634146343,Human
3.4285714285714284,Human
3.75,Human
3.6869565217391305,Human
5.425373134328358,Human
4.6263345195729535,Human
3.2291666666666665,Human
6.617283950617284,Human
5.732824427480916,Human
4.895238095238096,Human
4.257142857142857,Human
4.682051282051282,Human
3.6545454545454548,Human
3.689655172413793,Human
4.848484848484849,Human
4.321428571428571,Human
5.530821917808219,Human
4.484126984126984,Human
4.685344827586207,Human
4.131147540983607,Human
4.784552845528455,Human
5.381443298969073,Human
4.255144032921811,Human
4.375816993464053,Human
4.549450549450549,Human
4.118143459915612,Human
4.367149758454106,Human
5.295238095238095,Human
6.5625,Human
4.41764705882353,Human
4.0,Human
4.142857142857143,Human
4.633720930232558,Human
4.712389380530974,Human
4.049645390070922,Human
4.868571428571428,Human
5.7,Human
5.105769230769231,Human
4.586345381526105,Human
5.517241379310345,Human
5.080851063829787,Human
4.800925925925926,Human
4.517857142857143,Human
4.561904761904762,Human
4.60377358490566,Human
4.006578947368421,Human
5.054545454545455,Human
4.3694915254237285,Human
3.6759776536312847,Human
5.685185185185185,Human
3.668181818181818,Human
5.560975609756097,Human
3.85,Human
3.9669421487603307,Human
4.245033112582782,Human
3.475,Human
4.419354838709677,Human
4.495238095238095,Human
4.108597285067873,Human
4.466292134831461,Human
3.8613861386138613,Human
5.112359550561798,Human
5.057142857142857,Human
3.9770114942528734,Human
5.228125,Human
20.0,Human
4.068181818181818,Human
5.033557046979865,Human
3.144,Human
4.01423487544484,Human
4.04,Human
4.256756756756757,Human
5.624472573839663,Human
4.702479338842975,Human
5.771523178807947,Human
5.335968379446641,Human
5.391666666666667,Human
4.573529411764706,Human
4.611336032388664,Human
4.759615384615385,Human
4.11214953271028,Human
3.99290780141844,Human
5.069767441860465,Human
3.801324503311258,Human
3.7635467980295565,Human
3.845814977973568,Human
5.4035714285714285,Human
4.88135593220339,Human
5.357142857142857,Human
5.776595744680851,Human
3.8840579710144927,Human
4.033457249070632,Human
3.753086419753086,Human
5.169491525423729,Human
5.608527131782946,Human
5.106824925816023,Human
4.528688524590164,Human
4.293577981651376,Human
3.8181818181818183,Human
4.56078431372549,Human
3.8518518518518516,Human
4.897058823529412,Human
3.950617283950617,Human
4.552380952380952,Human
3.6050420168067228,Human
4.7615384615384615,Human
4.212264150943396,Human
4.701492537313433,Human
5.149425287356322,Human
5.408963585434174,Human
3.7663551401869158,Human
4.177142857142857,Human
4.093023255813954,Human
4.463963963963964,Human
4.4655172413793105,Human
5.256410256410256,Human
6.862068965517241,Human
4.066282420749279,Human
4.7272727272727275,Human
4.131578947368421,Human
5.004310344827586,Human
4.0,Human
5.243697478991597,Human
5.12987012987013,Human
3.9622641509433962,Human
3.6192893401015227,Human
4.786885245901639,Human
4.024539877300613,Human
4.4033613445378155,Human
4.730337078651686,Human
4.846534653465347,Human
5.03921568627451,Human
5.76551724137931,Human
4.968586387434555,Human
5.6299212598425195,Human
5.685714285714286,Human
3.96875,Human
3.4038461538461537,Human
5.264227642276423,Human
5.148514851485149,Human
4.864583333333333,Human
4.204188481675392,Human
6.207792207792208,Human
4.5528455284552845,Human
3.4133333333333336,Human
3.483050847457627,Human
4.333333333333333,Human
3.8513513513513513,Human
3.816793893129771,Human
4.603174603174603,Human
4.135593220338983,Human
4.30622009569378,Human
4.1191489361702125,Human
4.346153846153846,Human
4.211538461538462,Human
5.321243523316062,Human
4.594982078853047,Human
4.771428571428571,Human
6.513888888888889,Human
4.913793103448276,Human
4.73404255319149,Human
4.91044776119403,Human
4.784313725490196,Human
5.0,Human
4.692579505300353,Human
4.177121771217712,Human
4.704761904761905,Human
3.9345238095238093,Human
6.2922252010723865,Human
4.430622009569378,Human
4.979591836734694,Human
4.548245614035087,Human
6.934579439252336,Human
4.7894736842105265,Human
4.630952380952381,Human
4.3017751479289945,Human
5.0578512396694215,Human
4.238095238095238,Human
4.773684210526316,Human
5.327974276527331,Human
5.792035398230088,Human
3.734042553191489,Human
4.9326923076923075,Human
4.669642857142857,Human
5.304054054054054,Human
5.207865168539326,Human
3.7142857142857144,Human
4.454081632653061,Human
4.725409836065574,Human
4.631067961165049,Human
5.1409214092140925,Human
4.307017543859649,Human
4.182978723404255,Human
6.157556270096463,Human
4.5493421052631575,Human
5.397637795275591,Human
4.644444444444445,Human
3.5644171779141103,Human
4.43448275862069,Human
4.428571428571429,Human
4.341463414634147,Human
3.9029850746268657,Human
4.319148936170213,Human
5.434027777777778,Human
4.531914893617022,Human
5.257575757575758,Human
5.492537313432836,Human
5.514285714285714,Human
7.2,Human
4.460869565217391,Human
5.445454545454545,Human
4.913636363636364,Human
6.0947867298578196,Human
5.115942028985507,Human
4.211180124223603,Human
4.314285714285714,Human
4.062176165803109,Human
4.7936507936507935,Human
4.334883720930232,Human
4.445161290322581,Human
4.145695364238411,Human
3.920289855072464,Human
5.24,Human
5.678362573099415,Human
4.1875,Human
5.148148148148148,Human
5.885714285714286,Human
3.732394366197183,Human
4.401960784313726,Human
4.290697674418604,Human
4.3264462809917354,Human
4.847014925373134,Human
4.4453125,Human
4.0285714285714285,Human
3.739130434782609,Human
4.190476190476191,Human
6.820338983050847,Human
5.097165991902834,Human
4.0,Human
5.383177570093458,Human
6.392857142857143,Human
4.038461538461538,Human
5.6571428571428575,Human
4.663934426229508,Human
5.3,Human
4.821561338289963,Human
4.761904761904762,Human
4.434210526315789,Human
4.5181818181818185,Human
5.281632653061225,Human
3.959349593495935,Human
5.026086956521739,Human
4.091666666666667,Human
4.881533101045296,Human
3.7514792899408285,Human
4.87012987012987,Human
4.527777777777778,Human
3.340909090909091,Human
3.8497109826589595,Human
4.446327683615819,Human
4.126666666666667,Human
3.9186602870813396,Human
3.674074074074074,Human
4.40952380952381,Human
5.121739130434783,Human
3.767326732673267,Human
3.7283236994219653,Human
4.405228758169935,Human
5.24901185770751,Human
3.69,Human
6.709677419354839,Human
4.149122807017544,Human
4.3283582089552235,Human
3.6904761904761907,Human
5.3061224489795915,Human
6.0476190476190474,Human
4.05,Human
3.7767857142857144,Human
4.8061674008810575,Human
4.405594405594406,Human
4.657894736842105,Human
5.877906976744186,Human
5.355191256830601,Human
3.7205882352941178,Human
5.0,Human
3.95,Human
5.434579439252336,Human
4.5964912280701755,Human
4.901960784313726,Human
4.467661691542289,Human
5.853658536585366,Human
5.8247863247863245,Human
5.501930501930502,Human
3.6826923076923075,Human
4.890909090909091,Human
3.182926829268293,Human
5.247524752475248,Human
4.185185185185185,Human
3.6823529411764704,Human
3.7641509433962264,Human
4.296296296296297,Human
4.248366013071895,Human
5.247619047619048,Human
4.612359550561798,Human
4.825892857142857,Human
5.077669902912621,Human
4.578571428571428,Human
4.811475409836065,Human
4.810909090909091,Human
5.414201183431953,Human
5.575757575757576,Human
3.9130434782608696,Human
4.852760736196319,Human
5.6,Human
5.048648648648649,Human
3.9066666666666667,Human
4.0,Human
5.791044776119403,Human
4.504761904761905,Human
3.7578125,Human
4.425287356321839,Human
4.0285714285714285,Human
4.918478260869565,Human
4.057894736842106,Human
7.050335570469799,Human
4.604395604395604,Human
3.163265306122449,Human
5.212,Human
4.903225806451613,Human
6.617161716171617,Human
4.027472527472527,Human
4.085714285714285,Human
4.618421052631579,Human
4.16,Human
3.388888888888889,Human
4.521739130434782,Human
3.8433179723502304,Human
3.4285714285714284,Human
4.682352941176471,Human
4.4765625,Human
5.104761904761904,Human
5.0,Human
5.093457943925234,Human
5.023738872403561,Human
4.095652173913043,Human
4.753787878787879,Human
5.273076923076923,Human
4.672897196261682,Human
20.0,Human
5.337037037037037,Human
5.971830985915493,Human
3.510989010989011,Human
3.730769230769231,Human
3.7111111111111112,Human
4.5291479820627805,Human
4.94488188976378,Human
4.695238095238095,Human
4.557377049180328,Human
4.702830188679245,Human
5.658436213991769,Human
5.247619047619048,Human
4.801324503311259,Human
4.446969696969697,Human
4.498220640569395,Human
5.110091743119266,Human
4.4136125654450264,Human
4.582417582417582,Human
4.490909090909091,Human
5.0,Human
4.876865671641791,Human
4.84070796460177,Human
5.496062992125984,Human
4.5,Human
4.3618421052631575,Human
4.685534591194968,Human
4.257261410788382,Human
5.695121951219512,Human
5.73469387755102,Human
5.152,Human
3.9473684210526314,Human
4.374301675977653,Human
3.9193548387096775,Human
5.244813278008299,Human
4.7890625,Human
3.6058823529411765,Human
4.733905579399142,Human
4.456310679611651,Human
4.348214285714286,Human
5.316239316239316,Human
3.797979797979798,Human
4.9296875,Human
5.807453416149069,Human
4.761061946902655,Human
3.7371134020618557,Human
4.302013422818792,Human
5.301204819277109,Human
5.2,Human
5.432098765432099,Human
4.0978260869565215,Human
6.288135593220339,Human
4.096551724137931,Human
4.838582677165355,Human
4.395238095238096,Human
4.644628099173554,Human
3.6176470588235294,Human
4.086538461538462,Human
4.5,Human
5.848297213622291,Human
3.579710144927536,Human
3.661654135338346,Human
4.528225806451613,Human
3.62111801242236,Human
4.995433789954338,Human
4.559322033898305,Human
4.44921875,Human
4.5675675675675675,Human
4.458333333333333,Human
3.774193548387097,Human
4.718146718146718,Human
4.25,Human
5.855555555555555,Human
4.968197879858657,Human
5.019230769230769,Human
4.724137931034483,Human
4.45531914893617,Human
5.3584905660377355,Human
5.029126213592233,Human
3.8095238095238093,Human
4.544642857142857,Human
4.744107744107744,Human
5.993421052631579,Human
5.05511811023622,Human
4.665573770491803,Human
4.233333333333333,Human
4.569767441860465,Human
4.485714285714286,Human
4.79020979020979,Human
5.46875,Human
4.298076923076923,Human
5.698529411764706,Human
5.025531914893617,Human
4.228070175438597,Human
3.894230769230769,Human
5.739583333333333,Human
3.8813559322033897,Human
3.7027027027027026,Human
4.160377358490566,Human
3.5,Human
5.105691056910569,Human
4.2894736842105265,Human
5.880434782608695,Human
6.428571428571429,Human
3.9329896907216493,Human
5.017667844522968,Human
5.52112676056338,Human
4.256578947368421,Human
3.4170854271356785,Human
4.0,Human
4.7011494252873565,Human
5.030651340996169,Human
5.156,Human
4.425,Human
4.6826923076923075,Human
4.18705035971223,Human
4.796296296296297,Human
3.8,Human
4.133333333333334,Human
5.270029673590504,Human
5.374407582938389,Human
5.09009009009009,Human
4.037037037037037,Human
3.255,Human
4.056818181818182,Human
4.892086330935252,Human
5.812765957446809,Human
20.0,Human
5.078571428571428,Human
5.830985915492958,Human
4.938848920863309,Human
5.481884057971015,Human
4.165094339622642,Human
3.777292576419214,Human
4.295454545454546,Human
5.866666666666666,Human
4.269230769230769,Human
5.071428571428571,Human
3.802469135802469,Human
4.161290322580645,Human
5.136752136752137,Human
4.504464285714286,Human
5.5,Human
6.123762376237623,Human
4.518518518518518,Human
4.307116104868914,Human
4.164835164835165,Human
5.402061855670103,Human
5.249056603773585,Human
5.089171974522293,Human
3.823943661971831,Human
4.395555555555555,Human
5.526315789473684,Human
4.606334841628959,Human
3.8088235294117645,Human
6.149779735682819,Human
3.7704918032786887,Human
5.159420289855072,Human
4.591240875912408,Human
3.8476190476190477,Human
4.267676767676767,Human
4.3624595469255665,Human
5.225352112676056,Human
5.0,Human
4.9375,Human
5.472602739726027,Human
4.796116504854369,Human
3.8359375,Human
4.668141592920354,Human
4.548076923076923,Human
6.125,Human
4.368421052631579,Human
3.9135135135135135,Human
4.66887417218543,Human
4.3625,Human
3.876190476190476,Human
5.678391959798995,Human
6.989010989010989,Human
4.819047619047619,Human
4.897233201581027,Human
4.241379310344827,Human
4.525252525252525,Human
4.807453416149069,Human
4.116504854368932,Human
4.586538461538462,Human
5.083612040133779,Human
6.515527950310559,Human
3.9098360655737703,Human
5.406896551724138,Human
4.336134453781512,Human
4.59047619047619,Human
20.0,Human
5.705882352941177,Human
5.708333333333333,Human
4.762589928057554,Human
4.2356020942408374,Human
4.914285714285715,Human
5.154929577464789,Human
5.40990990990991,Human
4.295454545454546,Human
4.4907407407407405,Human
4.532679738562091,Human
4.051282051282051,Human
4.483333333333333,Human
4.076628352490421,Human
4.54014598540146,Human
4.243589743589744,Human
4.138297872340425,Human
4.368421052631579,Human
4.926829268292683,Human
4.495238095238095,Human
4.3090909090909095,Human
5.2254901960784315,Human
5.3671875,Human
4.418032786885246,Human
3.481818181818182,Human
4.135714285714286,Human
4.76078431372549,Human
4.186274509803922,Human
4.922580645161291,Human
3.8421052631578947,Human
3.643410852713178,Human
4.5546875,Human
3.9923664122137406,Human
4.354166666666667,Human
4.864,Human
5.665198237885463,Human
4.0,Human
5.283489096573208,Human
4.716763005780347,Human
5.3713235294117645,Human
4.731914893617021,Human
4.031645569620253,Human
5.616161616161616,Human
4.598540145985401,Human
4.177966101694915,Human
5.0212765957446805,Human
6.0,Human
4.050279329608938,Human
4.75,Human
5.072289156626506,Human
4.483739837398374,Human
4.183673469387755,Human
5.714285714285714,Human
4.235042735042735,Human
5.2109375,Human
5.385714285714286,Human
5.732673267326732,Human
5.069105691056911,Human
4.518518518518518,Human
4.6722222222222225,Human
4.116279069767442,Human
4.004201680672269,Human
4.91796875,Human
4.870229007633588,Human
5.075829383886256,Human
5.3399014778325125,Human
3.411764705882353,Human
3.656716417910448,Human
4.051063829787234,Human
4.195402298850575,Human
4.4324324324324325,Human
4.532520325203252,Human
4.066666666666666,Human
4.155172413793103,Human
5.66,Human
4.752427184466019,Human
3.910891089108911,Human
4.964824120603015,Human
4.460063897763578,Human
4.7125,Human
4.415686274509804,Human
4.238095238095238,Human
6.463258785942492,Human
5.043010752688172,Human
3.751173708920188,Human
5.288343558282208,Human
3.4363636363636365,Human
5.15,Human
4.152317880794702,Human
4.517799352750809,Human
5.90566037735849,Human
4.296428571428572,Human
4.89,Human
5.111111111111111,Human
5.232824427480916,Human
6.086142322097379,Human
6.514814814814815,Human
3.8227272727272728,Human
3.5384615384615383,Human
3.6986301369863015,Human
5.376623376623376,Human
5.231578947368421,Human
3.758169934640523,Human
3.7953216374269005,Human
5.829694323144105,Human
3.72972972972973,Human
4.061904761904762,Human
5.094262295081967,Human
3.857142857142857,Human
5.141221374045801,Human
4.43448275862069,Human
5.115107913669065,Human
5.4213197969543145,Human
4.466666666666667,Human
4.7936507936507935,Human
4.376470588235295,Human
5.491596638655462,Human
4.638743455497382,Human
5.7406015037593985,Human
4.222222222222222,Human
4.753731343283582,Human
4.949458483754513,Human
4.232558139534884,Human
4.081896551724138,Human
5.608365019011407,Human
5.463276836158192,Human
4.825396825396825,Human
4.5777777777777775,Human
5.264150943396227,Human
4.069182389937107,Human
3.6785714285714284,Human
6.003095975232198,Human
4.455399061032864,Human
5.316901408450704,Human
5.038461538461538,Human
4.598393574297189,Human
3.977401129943503,Human
4.598039215686274,Human
5.043771043771044,Human
4.932926829268292,Human
3.8835616438356166,Human
4.149659863945578,Human
3.815068493150685,Human
4.803827751196172,Human
4.068965517241379,Human
3.978609625668449,Human
4.824390243902439,Human
4.430769230769231,Human
3.9467455621301775,Human
5.969072164948454,Human
4.291666666666667,Human
4.944700460829493,Human
5.815217391304348,Human
4.419463087248322,Human
4.046153846153846,Human
4.81437125748503,Human
4.269938650306749,Human
4.714285714285714,Human
4.034682080924855,Human
4.138686131386861,Human
5.97289156626506,Human
4.084905660377358,Human
4.282608695652174,Human
4.102112676056338,Human
4.446153846153846,Human
20.666666666666668,Human
4.497652582159624,Human
4.551601423487544,Human
5.517241379310345,Human
4.817391304347826,Human
4.052631578947368,Human
4.150259067357513,Human
5.508264462809917,Human
3.9423076923076925,Human
5.37956204379562,Human
4.879464285714286,Human
4.054054054054054,Human
4.47985347985348,Human
4.826086956521739,Human
4.094736842105263,Human
4.650602409638554,Human
4.101851851851852,Human
3.371794871794872,Human
4.846715328467154,Human
6.581039755351682,Human
4.373333333333333,Human
4.564885496183206,Human
3.8106508875739644,Human
3.8854166666666665,Human
4.140096618357488,Human
3.5555555555555554,Human
4.748936170212766,Human
4.446351931330472,Human
3.9878048780487805,Human
4.659574468085107,Human
4.49,Human
4.720164609053498,Human
5.5563139931740615,Human
6.320987654320987,Human
5.570833333333334,Human
5.213592233009709,Human
4.135869565217392,Human
4.428571428571429,Human
6.097165991902834,Human
3.810185185185185,Human
5.908045977011494,Human
4.29047619047619,Human
4.308035714285714,Human
3.6440677966101696,Human
4.63063063063063,Human
3.5838150289017343,Human
5.906666666666666,Human
4.016666666666667,Human
5.813953488372093,Human
4.895287958115183,Human
4.137254901960785,Human
4.061538461538461,Human
4.5673076923076925,Human
